,ID,Age,Income,Height,Weight,Region
0,3248,0.5966117287089967,-0.4899271574382767,1.2757256570834539,-0.7229567005629858,East
1,6847,-0.6300131477871388,0.47517216227901976,1.5055963403599195,1.6908205274277768,North
2,4578,-1.5778596432614251,0.9852807897809186,0.9562345048840144,0.08996681296582903,West
3,6606,-0.5185017953783991,-0.9937800412235512,0.8177301438212319,0.2911950220695326,North
4,4671,-1.7451266718745346,1.621583773980074,0.8095828284645985,0.16943272993671846,West
5,6727,0.3178333476871477,-1.2298961007929106,-0.7587753776874818,-0.31024661564965766,South
6,1767,-0.1839677381521804,1.0613404684951866,0.6652589564327934,1.6251329750929686,East
7,9993,1.2656798431614342,-1.069199053721822,-0.8833129124246053,-0.6893118566841819,South
8,9966,0.5966117287089967,0.5778843597623144,-0.4625622693641404,1.5059340996366348,South
9,8907,-1.5221039670570553,1.3617145453455497,-1.2441225925041186,-1.4032234010839455,West
10,8768,0.03905496666529876,1.3439635341223921,-0.8594529174516053,1.2550396924261258,East
11,4554,-0.6300131477871388,1.5880613833350727,-0.10873600244745497,-0.9914745974242976,West
12,3723,-0.6857688239915085,-0.018430598172652954,0.6611852987544751,1.681528141975536,South
13,8453,0.3735890238915175,-1.2415079749119797,-0.8454860911259462,-0.03179547916698513,North
14,6456,-1.4663482908526857,-0.7844341792804663,-1.1323879818988505,0.6833977735710188,East
15,5706,0.5408560525046269,1.7171650079997864,0.5773843408005236,-0.8495253989642008,South
16,3843,-1.4663482908526857,0.7226395405021974,0.2596390418917915,0.508444585401238,East
17,1566,1.4329468717745435,-0.867681382366926,1.404336849498894,1.5129834954969554,East
18,4714,-0.29547909056092,-0.36561834306877056,-0.8099870742148981,-0.03564060418170572,West
19,7879,0.4851003763002571,-0.5564797784050286,1.4014270940143811,-0.33620120949902077,East
20,4452,-1.6893709956701648,1.2495773168352813,1.1959983568078192,0.8134911699023937,East
21,1771,-0.29547909056092,-0.882759555581837,0.33762048887671725,-1.1731567543698387,East
22,5538,0.09481064286966855,0.5864706273625707,-0.6994163658034338,1.5232371622028773,North
23,7447,-0.7972801764002481,1.7041659172833166,1.6493382612948226,-1.6611672041547758,North
24,3072,1.0984128145483247,-1.1349670596198607,0.0448990871347889,-1.2507001088333678,North
25,9431,-0.7972801764002481,0.09196021176137198,0.48659996968374253,1.0829703480173856,South
26,1242,-1.2433255860352064,1.4047273739450163,-0.528904694411018,1.5491917560522397,South
27,3287,-0.2397234143565502,1.145801184535546,0.8444998942787446,0.8423296075127973,West
28,7476,1.1541684907526946,0.4959150043125324,-0.3095091308787968,1.5020889746219142,North
29,3803,0.6523674049133664,1.3783774962462254,-0.6004846793300177,0.472877179015074,West
30,5332,-0.29547909056092,0.26588312930572217,-0.7896187858233114,1.6334640792915303,East
31,4178,0.26207767148277794,-0.46762687995918073,1.2012359166799413,1.38064710957366,South
32,1181,0.20632199527840814,0.5671184867217756,-1.0171616647121675,-1.3763075259809026,West
33,4943,0.15056631907403834,1.4745857253618435,0.11531516985998484,1.4296724535113459,East
34,3767,-0.29547909056092,-0.8296577084168915,-0.6691549087645062,1.042596535362821,West
35,9278,-1.131814233626467,1.2147899454901574,-0.45616080729821273,1.4578700369526292,North
36,6205,-0.7415245001958783,1.2441756160325348,-0.8885504722967275,1.1412880774073122,North
37,6950,-0.1839677381521804,-1.5552709034319756,-1.3738976871133641,-0.34164846993654147,West
38,4686,0.5408560525046269,-1.1854285041791266,1.2181124984901133,0.8952000764652036,East
39,2299,0.09481064286966855,-1.2627995381773525,1.0656413111016731,-0.41951225148463034,East
40,4369,-0.016700709539071035,0.47054998338260023,0.8369345300190132,1.4207004951436648,East
41,8213,-0.12821206194781062,-0.5667232002091743,-0.619689065527799,1.0579770354217026,South
42,1533,0.8196344335264758,-1.425278655961391,-1.660217626789365,-1.3154263799144952,South
43,7123,-0.4069904429696596,1.315335672530903,-0.22629012402174883,1.4293520264267863,East
44,4695,0.09481064286966855,-1.0204223736678044,-0.8326831669940926,0.8644390763474398,South
45,9108,0.8753901097308456,-0.5327515390294397,1.1302378828578434,1.5392585164308792,South
46,5871,0.6523674049133664,-0.13255094327955283,-0.5207573790543846,-0.561141022860167,North
47,9687,0.4851003763002571,-0.09209970729936257,-0.4980612862751885,1.4107672555223036,East
48,8107,-1.131814233626467,0.48923170301661295,1.428196844471894,1.476134380772551,West
49,4620,0.7081230811177363,0.9635211916983358,1.4276148933749921,-1.4439176408230705,East
50,9736,-0.5185017953783991,-0.7097453654317256,1.6254782663218226,-0.12664189619675603,East
51,2580,1.3771911955701737,1.7346876310990824,-1.16323139003468,-0.15612118797627952,North
52,4125,-1.2990812622395762,-1.710648544482038,-0.03308235985013686,0.5045994603865175,East
53,9791,-1.131814233626467,0.2361312871938666,-0.15238233471513812,0.3437450639373788,North
54,7339,0.6523674049133664,0.013271120949732044,-0.10349844257533279,0.11463969847695225,West
55,2606,-0.12821206194781062,1.1885786554205167,0.814238437239817,-1.766267287890468,North
56,5760,1.2656798431614342,-0.7488332422593792,-1.1649772433253873,-0.75724239861091,North
57,2805,0.4293447000958873,1.425341546612973,1.0807720396211362,-1.6432232874194137,South
58,9478,0.5408560525046269,0.5569956924478388,-0.1535462369089436,1.2819555675291692,East
59,1455,-0.7415245001958783,-1.6658726775132762,0.17409223064713095,0.1207278130835929,West
60,8229,0.3735890238915175,-1.4209626029305233,0.632087743909353,1.079125223002665,East
61,4372,1.600213900387653,0.6521233669539656,-1.7149210298981943,-1.1116347541343115,North
62,8711,-1.6893709956701648,0.7545441819365114,0.6140472599053771,0.26395871988192965,South
63,2315,-0.3512347667652898,0.5914069739598894,-1.6718566487274147,1.1624362649882745,East
64,6223,1.1541684907526946,1.327933743724723,-0.3001979133283579,-0.19649500063084444,East
65,2615,-0.8530358526046179,1.2874310399983107,-0.5149378680853588,-0.9312343055270101,South
66,1381,-0.6300131477871388,0.369085074561664,0.22006636730242504,-0.8681101698686828,East
67,9340,-1.076058557422097,0.7562133988934215,1.327519304707772,-0.12343762535115584,North
68,6552,1.600213900387653,1.1059592516134988,0.4062907183112058,0.29183587623865304,South
69,9514,1.042657138343955,-0.7693243748465228,1.5818319340541396,1.1736512129478758,West
70,9977,-1.5778596432614251,0.7440651343566913,-1.081176285371436,-0.8665080344458828,West
71,1726,-0.29547909056092,-0.4181226818674155,0.24858197105064359,-0.5371089915181642,West
72,1744,1.2099241669570644,0.6856473659660368,-0.5655676135158716,-1.3977761406464249,East
73,4313,-0.46274611917402936,0.10050546600135728,-1.6933888393128038,-0.41021986603238947,East
74,8083,-1.0203028812177273,-0.998781794748361,1.3368305222582109,0.6263617525193321,East
75,9626,-0.7972801764002481,-0.26086485971316625,1.6202407064497004,1.7049193191484182,North
76,2894,-1.4663482908526857,-1.6318632197074097,1.047018876000794,-0.7610875236256307,North
77,6962,0.9869014621395852,0.6483445085242939,-0.4055310618677,1.003184003961936,North
78,3089,0.8753901097308456,0.6690332021998012,-0.08313015418374765,1.4678032765739903,South
79,4229,-0.016700709539071035,-1.284582457582442,0.79328819775133,-0.29486611559077575,North
80,8204,-1.354836938443946,1.0187806632869478,0.7118150441849878,0.8525832742187187,West
81,9384,-1.5778596432614251,-0.23883291147349034,-0.37119594715045573,0.2931175845768929,South
82,6574,-0.1839677381521804,0.14474601479717064,-0.3839988712823094,-0.9693651285896551,North
83,7965,-1.4105926146483159,0.6417644107819976,-0.643549060500799,-1.7633834441294278,West
84,6063,1.1541684907526946,-1.4253301237076137,1.624314364128017,0.9756272746897727,West
85,2358,-1.131814233626467,1.1538459685557543,-0.11571941561028454,1.5229167351183168,South
86,7812,1.0984128145483247,-1.1874850695385961,0.0012527548671057587,-0.7822357112065931,South
87,5595,0.5966117287089967,-0.14484824983138567,-0.037737968625357124,0.2985648450144136,North
88,2844,0.3178333476871477,0.4203547235733283,-0.634819794047262,-0.5278166060659233,West
89,6045,-1.0203028812177273,-1.6021526590170032,0.15256004006174198,-1.2465345567340873,North
90,6315,1.4329468717745435,-1.120033371380022,0.4598302192262314,1.200567088050919,East
91,4978,0.4293447000958873,-0.7376569675549527,0.7333472347703784,-0.7937710862507543,West
92,2404,0.3178333476871477,-1.0943718747869546,1.4491470839603826,-0.5505669290696857,North
93,5564,-1.5221039670570553,0.6805866389820137,-0.22570817292484527,0.633411148379653,East
94,8159,0.7638787573221061,-0.5455903291613204,1.1709744596410154,-1.6582833603937355,East
95,3056,0.03905496666529876,0.2198870478536045,-1.3861186601483144,-0.15515990672259938,South
96,6910,0.03905496666529876,-0.6613796231639525,-1.2941703868377294,0.1460415527638356,South
97,5517,0.09481064286966855,1.1928880069219283,-0.10699014915674758,1.5966149645671257,West
98,9158,-0.3512347667652898,1.1705073110893602,-0.13841550838947897,-1.0107002224978996,South
99,6434,-0.9645472050133574,0.4460210452676037,1.4468192795727717,-0.05454580217074759,West
100,1531,0.3178333476871477,-1.0940678934108288,0.8055091707862817,-0.8312610551442788,South
101,7528,-1.4105926146483159,1.04662900297211,1.116853007629088,-1.175399743961759,West
102,3885,-1.5778596432614251,-0.6315417334138814,-1.3319972081363884,-1.26928487973785,West
103,6368,-1.1875699098308368,0.1576711206284452,-0.5836080975198474,-1.1401527646601548,South
104,8455,-1.7451266718745346,0.20274560774976816,0.08912737049937561,-0.8142784196625967,South
105,8227,0.6523674049133664,-0.07300436926732291,1.1185988609197952,1.5914881312141653,West
106,5037,1.2099241669570644,0.9821999626593878,1.5969626625736024,0.8077234823803132,North
107,6482,0.09481064286966855,0.4321416416417889,-0.9537289951498013,-0.25000632375237075,East
109,3913,0.09481064286966855,1.6484097283314232,0.6012443357735235,0.10214304217911077,West
110,5852,-0.3512347667652898,-0.056016796279797,-1.0904875029218748,0.19474646961696163,North
111,1795,-0.29547909056092,0.1880845377282008,-0.8414124334476295,0.8907140972813631,East
112,2411,-1.6893709956701648,-1.6032249037299695,-1.3529474476248755,1.6414747564055312,West
114,9183,1.0984128145483247,-0.9193992296686103,-0.9246314403046791,0.7538917321742267,South
115,8095,1.042657138343955,-0.7787746036242515,0.685045293727475,0.03261036482958258,East
116,6980,0.8196344335264758,-0.5729974401470969,1.6813455716244559,0.5350400334197212,South
117,5744,0.9869014621395852,-0.0736501286457068,0.9411037763645498,-1.7210870689675029,East
118,9559,-0.29547909056092,0.05807754689281341,0.5762204386067198,1.0707941188041044,East
119,5575,-0.1839677381521804,-1.3856307993323909,-1.6264644631690242,-0.3784975846609455,South
120,5268,0.26207767148277794,-0.6968695828572474,1.190178845838795,-0.39900491807278793,East
121,5687,1.600213900387653,-1.3121201143620222,1.618494853158993,0.6471895130157342,North
122,3520,0.8196344335264758,0.541488353286563,-0.6842856372839708,0.042543604450943816,West
123,1867,-0.12821206194781062,-1.4811967538649429,-1.2569255166359723,-1.5977226414118884,North
124,4643,0.9311457859352155,-1.3853605936647233,1.418303675824553,0.16046077156903737,North
125,7860,-1.131814233626467,0.3456380313620505,-1.0474231217510934,1.0659877125357036,West
126,8892,0.5408560525046269,0.8493113141579034,1.0889193549777711,0.7974698156743918,East
127,7283,-1.4105926146483159,1.0659181492360181,1.413066115952431,-1.551581141235243,East
128,3246,0.9311457859352155,-0.5413294967331705,1.519563166685577,1.5511143185596,West
129,5870,0.7081230811177363,-0.05466684018617235,-0.9380163155334347,-1.0020486912147788,South
130,4673,-1.5221039670570553,1.2823507445482756,0.2567292864072786,-0.6245855856030545,North
131,1878,0.03905496666529876,-0.964875004373761,1.1727203129317227,-1.7717145483279888,North
132,9013,0.7638787573221061,0.6411379518084471,-0.2158150042775045,1.4354401410334268,East
133,3576,-1.0203028812177273,-0.28913405544816767,-0.4503412963291886,-1.6066945997795694,North
134,3297,1.042657138343955,-1.3164340229034641,-1.3174484307138274,-0.8085107321405158,East
135,5418,-0.12821206194781062,0.331094104075375,-0.2751740161615542,0.9695391600831321,East
136,5988,-0.5185017953783991,0.9357835612797876,0.46448582800145,-1.4166813386354673,South
137,8809,1.4329468717745435,0.6371280246431309,-1.6642912844676816,-1.18437170232944,North
138,7543,-0.4069904429696596,0.30458526609788605,0.41269218037713346,-0.34837743871230203,West
139,8736,-1.633615319465795,-0.9284913287122084,-0.3001979133283579,1.6539714127033722,West
140,6967,-0.46274611917402936,-0.6951472897870452,0.1030941968250331,-0.45604093912447463,East
141,7036,1.2656798431614342,-0.5906658885273565,1.2995856520564537,-0.17887151098004245,West
142,3376,-0.8530358526046179,0.8847763441616217,0.3021214719656692,-0.9962810036926979,West
143,1794,0.4851003763002571,0.6580582414402342,-1.139953346158582,1.5556002977434409,North
144,5723,1.7117252527963924,1.2737987887788342,-1.0648816546581674,0.6109812524604502,North
145,4735,1.600213900387653,-0.2187915855434363,-1.1172572533793876,0.02556096896926179,East
146,3413,-0.12821206194781062,1.4084901487039942,-0.2623710920297005,0.5430507105337221,South
147,5976,-0.9645472050133574,-0.7931145363542854,0.06643127772017952,0.8455338783583974,East
148,1435,1.2099241669570644,-0.28019207066438473,1.5940529070890896,0.7679905238948688,North
149,8709,-1.5778596432614251,-1.2413361476967268,0.32772732022937645,-1.4814076097165947,North
150,6283,1.0984128145483247,-1.2016140381213536,-0.7547017200091651,1.4905535995777532,East
151,6155,1.7117252527963924,-0.9875100902644804,0.8753433024145741,-0.6688045232723395,West
152,2671,1.7117252527963924,-0.6489587404089503,1.0801900885242344,1.199285379712679,North
153,6545,1.600213900387653,-1.1800911380591583,1.2792173636648687,0.4408344705590702,East
154,8794,-0.6857688239915085,1.3904946656862798,-0.4701276336238719,0.8359210658215964,East
155,4439,-0.7972801764002481,-0.7049301824869721,0.7682643005845247,0.5565086480852437,East
156,5927,-1.076058557422097,-0.17605083903988455,1.0476008270976973,-1.7537706315926265,North
157,4586,0.7081230811177363,-1.0392265972602737,-0.146562823746114,1.6084707666958473,West
158,4196,-0.3512347667652898,0.8337919122436067,-0.7098914855476782,-0.49289005384887913,West
159,2350,-0.1839677381521804,-0.7556537908785582,0.663513103142086,1.3566150782316573,West
160,4094,-1.2990812622395762,1.3327861871732527,-0.9863182565763381,-1.5842647038603668,West
161,4527,-0.4069904429696596,-1.099531784406927,0.8543930629260871,0.5074833041475579,North
162,6978,-0.07245638574344082,-0.22531002921473695,1.3973534363360645,-1.3320885883116174,East
163,2736,-0.46274611917402936,0.8891489581010986,-1.3442181811713385,-1.688403506342379,West
164,5341,-1.5778596432614251,-1.1238840702054622,-1.040439708588264,-0.25513315710533124,West
165,4334,1.321435519365804,-1.4859317865174022,1.6737802073647243,0.43987318930539004,East
166,3565,-1.5778596432614251,-0.5869476119239674,0.519771182207183,0.9179503994689661,East
167,4652,1.3771911955701737,-1.3696168245442386,-1.301735751097461,-1.5067213493968379,West
168,4959,1.7117252527963924,0.5345324337723718,0.39930730514837626,-0.1189516461673153,East
169,8908,-1.354836938443946,-0.4669071356956019,0.2637126995701082,-1.2035973274030423,West
171,6855,-1.4105926146483159,-1.4047186316514397,1.2396446890755022,1.010874253991377,South
172,6193,0.8196344335264758,1.0179705824063017,-0.7791436660790687,-0.011928999924262653,South
173,7438,-0.7415245001958783,-1.0511649698944407,-1.3494557410434607,0.8356006387370366,North
174,9643,0.09481064286966855,1.3170282108103208,0.5849497050602551,-0.5201263560364822,North
175,9259,-0.6857688239915085,0.15882003083838866,-1.5164757058544618,0.7000599819681407,North
176,6867,-0.29547909056092,0.08522142180155672,-0.20999549330848039,0.7833710239537502,South
177,9472,0.5966117287089967,-0.9499804530659454,0.9509969450118922,-0.7200728568019458,East
178,7827,-1.5221039670570553,-0.3052573991970429,0.026858603130814725,-1.106187493696791,East
179,5217,-1.7451266718745346,0.3919179896019259,0.08214395733654604,0.3491923243748995,West
180,3169,-1.1875699098308368,-1.1495099146618233,0.34693170642715776,-0.12503976077395593,South
181,2270,0.7638787573221061,-1.1014344826500857,1.2291695693312596,-1.801514267192072,West
182,8351,-1.5778596432614251,-0.6625781246918706,-1.0986348182785082,-0.7114213255188245,North
183,8606,-1.354836938443946,0.5640928802029629,1.6766899628492373,-1.2696053068224098,North
184,9367,-1.0203028812177273,1.2970673032337388,0.9876598641167458,0.5529839501550833,East
185,4239,-0.7415245001958783,-1.1766060746808396,-1.3494557410434607,1.2361344944370836,North
186,8525,-0.9087915288089877,0.6509605175627534,-0.009222364877136938,-0.49737603303271966,East
187,1574,0.20632199527840814,1.4994698445380106,0.5395575195018646,-1.3260004737049766,South
188,7852,0.7081230811177363,1.4277784907843674,-0.9135743694635329,0.14155557357999507,North
189,7146,1.042657138343955,-1.6638190608267676,0.8183120949181354,0.302089542944574,North
190,9486,0.20632199527840814,0.5777771352910178,1.280963216955576,-1.0686975248032664,West
191,2030,0.7638787573221061,-1.0587441316480435,0.5250087420793035,-0.8399125864273996,East
192,5702,-0.6300131477871388,1.2666836409247682,-0.3001979133283579,-0.5236510539666425,North
193,4999,-1.076058557422097,-0.42867598239360866,-0.006894560489527635,0.4331442205296295,East
194,9842,-1.5778596432614251,-1.3791059221928126,0.5890233627385735,-0.13721598998723722,East
195,8880,-1.633615319465795,-0.251395062469426,0.4551746104510111,-1.0366548163472626,East
196,7204,-1.5221039670570553,-1.4920599331131832,1.1063778878848436,-1.422128599072988,South
197,5405,0.20632199527840814,-1.5235029731985648,-0.7116373388383856,-0.013851562431622952,South
198,2693,-0.1839677381521804,-0.6283853130400867,-1.2237543041125334,-0.6723292212024999,East
199,5340,1.0984128145483247,-1.2042423779740123,-1.6474147026575112,1.6033439333428867,South
200,1936,-0.3512347667652898,-1.6379910982420123,0.3521692662992783,-1.7790843712728697,West
201,8586,-1.6893709956701648,0.14231925695054956,1.2716519994051372,-1.0696588060569467,South
202,4929,1.3771911955701737,-0.7798610555796649,0.7380028435455986,-1.2734504318371305,North
203,4780,1.600213900387653,0.6876902602054157,-0.2629530431266024,-0.772622898669792,East
205,3161,-0.4069904429696596,-0.030326081018301504,-0.2524779233823581,0.915707409877046,East
206,5892,1.042657138343955,1.6399282726518596,1.4025909962081866,0.413277741286907,North
207,7881,-0.4069904429696596,-0.13936103751278042,-1.1888372382983874,0.0841991254437486,East
208,4358,-1.5778596432614251,0.44888581507947145,1.5119978024258454,-1.552221995404363,South
209,7156,-1.633615319465795,-1.4365294516733689,-1.286605022577998,1.2665750674702867,South
210,9625,-0.2397234143565502,1.3591609945616208,0.4406258330284501,0.16334461533007782,East
211,7323,-1.7451266718745346,0.017551253782715426,1.1476964157649174,0.856748826317999,South
212,8837,-0.6857688239915085,-0.8426685938252035,-0.9455816797931662,0.5440119917874022,East
213,9275,0.4851003763002571,-0.22707360370638818,-0.5696412711941883,1.0432373895319407,South
214,5685,1.042657138343955,0.8965975740608976,0.5500326392461089,0.8894323889431227,North
215,8434,-0.4069904429696596,-0.6061048720881808,0.27709757479886377,1.318484255169013,East
216,3008,-0.2397234143565502,0.8314873902942638,0.699594071150036,1.3143187030697325,West
217,9956,1.042657138343955,-0.2136477595941585,-0.8088231720210927,0.5376034500962014,North
218,5447,0.20632199527840814,-1.2226509432673969,1.1831954326759655,-0.14522666710123816,North
219,7830,0.6523674049133664,-1.174557283095539,1.0778622841366232,0.5549065126624436,East
220,6412,-0.6857688239915085,-0.9097096222587115,0.4598302192262314,-0.6681636691032196,South
221,8984,0.9311457859352155,0.5319925541085329,0.48543606748993867,0.651995919284135,North
222,4357,0.3735890238915175,1.1401708275477596,0.40338096282669456,-1.663410193746696,South
223,2927,-0.2397234143565502,-1.0913149051102875,-0.9095007117852145,-0.09363790648707213,East
224,8657,-0.1839677381521804,-0.8021388159197884,-1.0963070138908988,-0.30640149063493705,North
225,3970,-1.1875699098308368,0.06862200140012452,0.5465409326646941,0.651995919284135,West
226,2754,1.600213900387653,-0.134442919075582,-1.1824357762324595,0.3604072723345006,North
227,9910,0.4851003763002571,1.0942991264823463,0.411528278183328,0.7888182843912709,South
228,7995,0.4293447000958873,-0.49829575936180087,1.3990992896267718,0.46486650190107304,South
229,2444,-1.2990812622395762,0.5796916282260193,1.4351802576347235,1.309512296801332,West
230,1414,-0.6857688239915085,-0.3806008184430493,0.9527427983025997,1.701715048302818,South
231,5246,-1.5778596432614251,0.25562603638148607,1.2507017599166486,-0.5034641476393603,West
232,1890,0.5408560525046269,-1.1546199649026427,-0.05461455043552747,0.5074833041475579,West
233,9316,-0.5185017953783991,-1.4978645298668265,0.30444927635327845,-1.1244518375167132,East
235,9505,0.6523674049133664,0.41089216398140027,0.6664228586265972,1.350206536540457,East
236,5331,-1.5778596432614251,0.5407889816725303,0.36439023933423004,0.8535445554723984,West
237,3341,1.321435519365804,-1.1042451041039487,1.1866871392573801,0.28478648037833176,South
238,1515,-1.131814233626467,-0.34667231511301166,1.6056919290271394,-0.5800462208492093,West
239,5499,0.03905496666529876,0.4103675682555813,-1.3005718489036555,1.347963546948536,East
240,1145,0.9869014621395852,-1.304675787381075,-0.36013887630930946,-1.7902993192324708,East
241,1949,1.7117252527963924,-1.0312866251607578,1.0528383869698195,1.0845724834401853,South
242,1599,-0.29547909056092,1.681441567020243,-1.3314152570394848,0.5853470856956473,East
243,1872,-1.4105926146483159,1.4768210875272005,-0.8536334064825813,-1.0305667017406221,West
244,7336,1.2099241669570644,-1.6622742242565614,-1.4524610851951936,1.1102066502049885,South
245,4689,-0.8530358526046179,1.040082680938272,-0.06567162127667374,-0.02923206249050488,West
246,8889,0.9869014621395852,1.5380473328822923,0.2916463522214248,-1.0321688371634221,North
247,1074,0.7081230811177363,-0.3028065158443799,-1.5816542287075357,-0.7681369194859514,West
248,5112,-1.7451266718745346,0.16250238724389324,-0.22279841744033405,0.19058091751768083,South
249,1942,-1.076058557422097,0.7486543417281872,1.140131051505186,1.4255069014120656,East
250,4387,1.4887025479789133,-0.9916851431155932,0.9021130528720869,1.704278464979298,North
251,8194,-0.8530358526046179,-0.2724381330225687,0.5773843408005236,-1.6614876312393358,West
252,8541,-0.7972801764002481,1.3521704951554367,-0.5190115257636772,-0.5236510539666425,South
253,7236,1.4887025479789133,1.4862549645730565,1.1919246991295025,1.38064710957366,East
254,7542,0.3735890238915175,-0.8056252196039985,-1.6817498173747556,-0.0458942708876267,North
255,1111,1.321435519365804,-1.5116967547252709,0.5087141113660351,0.7593389926117474,East
256,9544,-0.29547909056092,0.17434586622096324,-0.4317188612283109,-1.3013275881938537,South
257,9175,0.9869014621395852,-0.8970657126034124,1.5492426726276025,-0.7758271695153922,West
258,5260,-0.9645472050133574,-1.0348440650572017,0.8247135569840615,0.726975857071184,South
259,3323,0.7638787573221061,-0.6614919407976358,-1.0177436158090696,-0.6114480751360931,North
260,3783,-0.12821206194781062,0.25922985086176603,0.8951296397092573,1.0467620874621015,West
261,9766,0.9311457859352155,-1.3779235043355889,-1.2604172232173871,1.3031037551101314,South
262,3982,0.8196344335264758,0.6576368492680383,0.7455682078053302,-1.1353463583917542,South
263,2280,0.4851003763002571,-1.6487441043459952,1.0714608220706974,-1.4519283179370714,North
264,3090,0.5408560525046269,-1.322692983354227,0.5610897100872552,-0.8203665342692374,North
265,9616,0.8753901097308456,1.1233196976999589,-1.2511060056669483,-0.4272025015140715,North
266,2536,0.03905496666529876,0.4836624639774659,0.5610897100872552,-0.3006338031128566,West
267,6035,0.8196344335264758,-1.1696868795480677,-0.9164841249480441,-1.6047720372722092,North
268,9220,1.2099241669570644,-1.443497702001759,-0.5358881075738475,-0.25289016751341076,South
269,2048,-0.6857688239915085,1.0869571988714875,-0.05927015921074774,-0.9533437743616532,East
270,5421,-0.8530358526046179,-0.24547439522560377,-1.0858318941466545,-0.7934506591661942,East
271,6098,0.4293447000958873,-1.6929364021297253,-0.10349844257533279,0.16398546949919776,South
272,7329,-0.9645472050133574,0.4377194586386399,-0.8396665801569222,1.7033171837256178,West
273,8941,1.2656798431614342,-1.163463839295189,-0.8478138955135556,0.643023960916454,North
274,4012,1.600213900387653,1.7336242324049975,-0.07789259431162548,0.2511416364995279,West
275,2162,0.15056631907403834,-0.738924360805679,-0.6767202730242378,-0.11734951074451519,North
276,9720,-0.574257471582769,0.34073465628965544,1.1581715355091617,1.6901796732586563,East
277,3480,1.0984128145483247,0.08429098145188,-1.2086235755930705,-1.3846386301794635,North
278,5150,0.8753901097308456,-0.6861624152147437,0.7380028435455986,-1.1087509103732711,North
279,6022,-1.7451266718745346,0.6398434843787183,1.1925066502264043,1.146094483675713,East
280,4992,-0.29547909056092,1.250276152326957,-1.2103694288837779,0.8099664719722333,South
281,6026,0.15056631907403834,-0.2626836548075356,-1.5281147277925118,0.07298417748414701,North
282,2555,0.4851003763002571,1.5402148755695535,0.09145517488698492,1.1848661609074778,East
283,6327,-0.3512347667652898,0.3646400841040618,-1.2348113749536798,0.6667355651738965,East
284,6854,-0.7415245001958783,0.5211376847568179,1.4171397736307476,0.5517022418168435,East
285,2947,-0.12821206194781062,0.24550404629108358,0.5418853238894755,0.8529037013032784,West
286,3589,-1.131814233626467,-1.102423360336619,-0.7552836711060688,-0.19649500063084444,South
287,7511,1.1541684907526946,-0.7164334918288533,-1.157411879065656,-0.5630635853675272,West
288,2155,1.321435519365804,-1.352567597485717,-1.0218172734873863,-0.25096760500605086,East
289,7153,0.4851003763002571,-0.5419127978570243,-0.7756519594976539,1.0848929105247458,North
290,8791,0.3735890238915175,-1.6717351754814198,1.337412473355113,-1.1183637229100722,North
291,1910,-1.5778596432614251,0.29830888167053754,-0.4875861665309441,-1.1850125564985599,South
292,6614,0.9869014621395852,-0.547832392856133,-1.6770942085995353,0.7295392737476641,South
293,2418,-0.2397234143565502,-0.4842504258666545,-1.3610947629815107,0.08099485459814795,North
294,1029,-1.354836938443946,-0.9523485055145314,-1.2423767392134113,1.0409943999400206,South
295,1330,-0.8530358526046179,0.15059537776758009,1.0825178929118435,-0.8488845447950808,North
296,9192,-1.5221039670570553,-0.946977631747283,-1.2324835705660704,-0.7732637528389119,West
297,8533,1.2656798431614342,1.1445174395529472,-1.4728293735867788,-0.84119429476564,South
298,4503,-0.016700709539071035,0.5443276572864978,0.1281180939918385,-0.09363790648707213,East
299,2214,0.8753901097308456,0.07963127399050644,1.528292433139114,-1.278897692274651,East
300,1316,1.1541684907526946,-0.8669675354492687,-0.9979572785143863,1.0807273584254655,South
301,9032,-0.574257471582769,0.2927594791585801,0.15023223567413102,-0.4589247828855151,East
302,3894,-1.1875699098308368,1.4650020021173507,-0.3182383973323337,-0.5592184603528066,North
303,6494,-1.2990812622395762,1.1953220024203621,1.6627231365235782,-1.1696320564396783,West
304,7826,-1.4105926146483159,-0.9584790646609165,-0.933942657855118,-1.7723554024971089,East
305,2250,-1.076058557422097,0.7799502162267141,0.649546276816427,-1.229551921252405,West
306,9711,0.03905496666529876,-0.06922443859293843,1.0801900885242344,0.03421250025238268,North
307,9388,-0.07245638574344082,0.6992785449407997,0.3789390167567911,0.14379856317191556,South
308,1430,0.15056631907403834,0.19151169989201966,1.0126837612835513,-1.6275223602759719,South
309,5655,0.4293447000958873,-1.1171921909518394,-1.521131314629682,0.35688257440434024,North
310,1187,-1.5221039670570553,1.3439560284094014,0.7048316310221583,1.0682307021276236,East
311,6986,-0.12821206194781062,-1.1860477255008646,-0.36654033837523714,-1.5320350890770809,South
313,6423,-0.07245638574344082,-0.5363253306577566,-1.7335434649990722,-1.0321688371634221,South
314,7266,-1.4663482908526857,0.8352960035147199,-1.0264728822626066,0.8519424200495983,East
315,4505,-0.7972801764002481,0.7720979001324835,0.6082277489363531,0.9656940350684114,South
316,8842,-0.016700709539071035,-0.9713859423320709,1.6702885007833095,-1.3590044634146605,North
317,8543,-0.9087915288089877,0.26788340181776077,-0.9927197186422642,-1.7797252254419897,West
318,5273,-0.7415245001958783,0.17344518066207135,1.475916834417894,1.697229069118977,West
319,8638,0.20632199527840814,-1.2642929070013362,-0.1861354983354805,-0.5928633042316109,South
320,1510,-0.4069904429696596,0.033845084440951995,1.3566168595528942,0.198271167547122,West
321,6005,-0.12821206194781062,-1.3896860288368296,-0.552182738287116,-0.023464374968423986,West
322,5615,1.2099241669570644,-0.06860494921002211,0.5500326392461089,-0.7963345029272346,South
323,6258,-0.574257471582769,1.150034138601159,-1.266236734186413,1.4937578704233534,South
324,3678,-0.12821206194781062,1.3380184733113503,-0.6185251633339935,0.2508212094149682,West
325,7594,-0.6300131477871388,-0.37243031373024565,-0.4945695796937737,-0.432970189036152,South
326,1161,1.6559695765920228,0.4853611676639827,0.36671804372183936,0.5017156166254775,West
327,6024,0.5408560525046269,0.49945394798767756,0.8439179431818428,-0.21475934445076633,West
328,1980,0.20632199527840814,1.4163724876501878,-0.6324919896596527,-0.5467218040549652,West
329,5679,-0.6857688239915085,-1.5558697521041671,-1.4821405911372176,1.694024798273377,South
330,7558,-0.9087915288089877,-0.3241447217547669,1.4817363453869195,0.13002019853583371,West
331,4829,-0.2397234143565502,-1.5618196380164175,1.407246604983407,-1.1356667854763143,East
332,7420,-0.4069904429696596,0.6201391113497141,-0.6225988210123119,0.3456676264447391,South
333,8384,0.9869014621395852,1.5312294648748959,-0.5062086016318236,-0.3650396471094239,North
335,4961,1.6559695765920228,-1.178298881021435,-0.9938836208360696,1.6674293502548942,West
336,3695,-0.7972801764002481,-0.5691293173450709,-1.3948479266018512,-0.8325427634825187,South
337,8207,-0.7972801764002481,0.20725680931839566,-0.9292870490798978,-0.9655200035749344,North
338,4746,-0.29547909056092,1.2409937298468072,1.680763620527554,-0.6229834501802545,South
339,6447,0.9311457859352155,-0.36055037843293514,1.1395491004082823,1.2165884422789208,East
340,2448,1.042657138343955,-0.8917798142296665,1.3490514952931627,-1.0478697643068642,East
341,9227,1.6559695765920228,-1.1976073276901766,-0.9950475230298734,1.448898078584948,East
342,2465,1.4329468717745435,1.7254006515789022,-1.1579938301625579,-1.2404464421274466,North
343,7276,0.7081230811177363,0.5685719144302015,-0.13783355729257707,-1.3663742863595414,North
344,7089,-0.07245638574344082,0.49310813571516454,-0.1931189114983084,-1.0180700454427807,West
345,4868,1.321435519365804,1.4933433063092987,-0.6720646642490191,-1.78196821503391,South
347,4186,1.7117252527963924,0.39182631267896734,-0.6237627232061157,0.9714617225904923,East
348,5288,1.5444582241832832,-1.1801458225395196,-1.2243362552094355,-0.11190225030699451,West
349,8218,0.15056631907403834,0.5135327891301041,-0.015041875846162681,-0.14394495876299826,North
350,7689,1.042657138343955,-1.5238651238503695,-0.21174134659918778,-1.6688574541842167,South
351,7238,-0.1839677381521804,-0.6408190627316445,1.5760124230851138,-0.4762278454517573,East
352,3355,1.2656798431614342,1.4691639199707298,-0.4148422794181389,-0.22533343824124752,South
353,8346,-0.8530358526046179,1.2071287570160127,-1.5851459352889503,1.0647060041974636,North
354,9723,0.5408560525046269,0.27696209780244707,-1.6113337346495595,0.26427914696648935,East
355,7930,1.0984128145483247,1.314210083643467,1.1145252032414785,-1.790619746317031,West
356,3607,-0.29547909056092,0.3805674751316426,-0.7570295243967762,-0.5198059289519223,West
358,4648,0.03905496666529876,1.380025000247698,0.9160798791977444,0.3040121054519343,West
359,1160,0.4851003763002571,0.6794991147818877,-0.33336912585179834,-0.2839715947157348,North
360,4911,0.8196344335264758,0.5795522364133333,0.27651562370196187,-0.5012211580474398,North
361,6109,-1.0203028812177273,0.07210545641137386,-0.5120281126008476,-0.4063747410176689,South
362,4544,0.03905496666529876,0.9710526385622117,0.5971706780952069,-0.7575628256954698,East
363,9268,0.3178333476871477,0.4743872791491284,0.7991077087203541,1.3697525886986188,East
364,3875,-0.9645472050133574,0.8314262723456247,-1.5671054512849745,0.3241990117792165,West
365,8275,1.6559695765920228,1.6723441067530798,-0.3252218104951633,0.6308477317031727,South
367,1030,0.5966117287089967,-0.4220720272064489,-0.7471363557494337,-1.4448789220767506,North
368,7322,0.9869014621395852,0.21575917376986256,-1.706773714541561,0.2886316053930524,North
369,6319,1.0984128145483247,-1.3053974080729014,-1.1661411455191912,1.017603222767138,North
370,8331,-1.4663482908526857,0.5199887745468744,1.5614636456625526,-0.7159073047026651,North
371,5338,-1.354836938443946,-1.6849160116767368,-1.4297649924159974,-1.0539578789135047,South
372,2711,0.03905496666529876,-0.16337529816555282,0.5168614267226701,-0.5810075021028894,South
373,9985,-0.6300131477871388,-0.686458890877879,0.14441272470510694,-0.3131304594106981,East
374,2328,-0.4069904429696596,-0.42519547605532,0.6512921301071343,1.3204068176763732,South
375,3518,1.1541684907526946,-1.5784332656602964,-0.5708051733879937,0.5167756895997992,North
376,9433,0.9311457859352155,1.236455186037999,-0.5073725038256274,0.1261750735211136,East
377,9196,-1.2433255860352064,0.7898987707347943,0.058283962363546125,-1.5650390787867647,South
378,2586,1.6559695765920228,0.4558663962220607,-1.4204537748655586,-0.7735841799234717,East
379,1552,0.9311457859352155,0.7508757647122751,-0.7791436660790687,1.226521681900282,East
380,2705,0.7081230811177363,0.34117802947846687,-1.4443137698385584,-0.27371792800981337,West
381,6025,-0.6857688239915085,-1.3904802941079595,0.7816491758132819,-0.16188887549836042,East
382,8737,-1.6893709956701648,0.1764525590207638,0.18107564380996052,0.17007358410583842,North
383,7885,1.042657138343955,0.6220734408119051,-0.9525650929559958,1.1066819522748286,West
384,4968,-1.354836938443946,-1.2188720848377252,1.2023998188737468,0.12937934436671378,West
386,6467,-1.076058557422097,-0.8643244522318065,1.1593354377029654,-1.1699524835242383,North
387,9741,-0.07245638574344082,-0.4628057996685056,0.5186072800133775,-0.1497126462850787,East
388,7402,0.09481064286966855,0.5977380428675995,-1.3512015943341682,1.1726899316941954,East
389,3888,0.7638787573221061,-0.3928825774465441,1.6795997183337485,-0.407976876440469,East
390,1454,-0.29547909056092,0.2712226399151164,0.634415548296964,-1.0257602954722214,North
391,6425,0.20632199527840814,-0.2779660906402668,-1.1364616395771672,-1.7435169648867055,West
392,8080,0.03905496666529876,1.518008955625199,1.0039544948300143,1.426147755581186,South
393,7076,1.2099241669570644,-1.1988774015526853,-1.1620674878408745,1.5834774541001644,West
394,7180,0.09481064286966855,-0.8177246970062891,1.6376992393567726,-1.4884570055769157,West
395,7002,-0.016700709539071035,0.14857553678952998,0.9317925588141109,0.7215285966336632,West
396,2803,1.3771911955701737,-0.8043940146123348,0.2963019609966451,-0.7014880858974633,East
397,2730,-0.574257471582769,0.6244822385595841,-0.9793348434135085,0.7131974924351021,North
398,3559,-1.4105926146483159,-0.2322388745499254,-0.46198031826723684,1.155066442043394,North
399,6616,0.4851003763002571,-1.044357824334174,1.475916834417894,0.9740251392669727,East
400,8360,0.09481064286966855,-0.6992086846985835,-1.4297649924159974,-0.5778032312572888,West
401,1494,1.6559695765920228,1.6687177751338276,0.09552883256530162,-1.0706200873106269,South
402,3754,-0.6300131477871388,-1.2051414551658346,0.4604121703231333,1.5129834954969554,North
403,6884,-1.2433255860352064,-1.6551633653813465,0.3184161026789376,1.4344788597797467,East
404,1723,1.7117252527963924,1.2998114455153986,0.19853417671703444,-1.0177496183582204,South
405,4529,-1.5221039670570553,-1.5812197616081178,-0.7058178278693599,-1.1276561083623133,East
406,2428,0.03905496666529876,-0.15663516789984627,1.5021046337785047,-1.7515276420007064,North
407,6029,1.4329468717745435,1.24421448490338,-1.3768074425978754,1.0525297749841815,South
408,9694,0.5408560525046269,1.6903725612957174,0.8735974491238667,0.4879372519893957,West
409,3907,-0.9645472050133574,-1.6457562944533146,-0.878657303649385,-0.4025296160029483,East
410,9538,-1.076058557422097,1.3921488712172083,-1.6881512794406832,-1.1994317753037618,North
411,2313,-0.07245638574344082,-0.9991838865157234,0.8479916008601595,0.5042790333019578,East
412,1000,-1.2990812622395762,-0.11586681554579618,0.7461501589022321,1.2018487963891598,West
413,7583,-0.1839677381521804,-1.2752812708198156,0.025112749840107335,-0.6332371168861755,North
414,5998,1.2656798431614342,1.3361645622026312,-0.5574202981592381,-0.10837755237683411,North
415,4995,0.15056631907403834,-0.2326393579502184,-0.13317794851735681,1.3691117345294992,North
416,2397,0.9869014621395852,-0.2510808947685268,0.6146292110022807,0.8368823470752765,South
417,9325,-1.4105926146483159,0.807573116460975,1.4258690400842846,-1.638096454066453,North
418,3058,-1.5221039670570553,-0.9143143771785456,-0.5614939558375549,-0.9347590034571706,East
419,2575,0.9869014621395852,0.9544068435769438,-1.2179347931435094,-0.6854667316694614,South
420,5298,-0.2397234143565502,-0.7267439289275593,0.6291779884248417,0.34855147020577953,West
422,4348,0.7638787573221061,-0.8346168402143609,0.6076457978394512,-0.2448794903994098,South
423,4834,0.8753901097308456,1.7213832187005957,0.79328819775133,0.1774434070507194,North
424,7755,-1.354836938443946,1.1130534906956622,1.5789221785696266,-0.2294989903405283,West
425,1133,1.6559695765920228,-1.4230505314478472,0.4481911972881816,-0.40541345976398874,West
426,5040,-1.2433255860352064,1.0531230530761906,0.41676583805545014,-1.3609270259220205,West
427,2022,0.5408560525046269,-1.4156523109895573,-0.9583846039250199,0.024920114800141387,North
428,6533,0.20632199527840814,-0.8138104676816054,0.06119371784805734,1.398911453393582,South
429,8127,1.042657138343955,-0.32182358001237305,-0.24433060802572468,-0.6992450963055432,West
430,7128,-0.7972801764002481,-0.8138292319640823,-0.5126100636977495,0.23896540728624666,West
431,9430,-1.354836938443946,1.6226576270601107,0.4545926593541092,-0.07088758348330966,East
432,1049,0.3735890238915175,1.6178250201387705,0.2823351346709859,-0.34677530328950196,West
433,7784,-1.2990812622395762,1.6395454812893306,-0.09418722502489392,1.2765083070916479,South
434,8379,1.1541684907526946,-0.07814819521660073,0.43655217535013335,0.7183243257880626,East
435,4851,-1.633615319465795,1.1673331986778015,-1.5950391039362912,0.6824364923173387,West
436,3760,0.9869014621395852,0.8243231872445789,-0.1582018456841622,1.699472058710898,North
437,9261,-1.076058557422097,-0.4138674787240084,-0.21930671085891926,-1.5913140997206878,South
438,6581,-1.5221039670570553,-1.4858288510249575,-0.9083368095914107,0.5542656584933237,East
439,8435,0.3178333476871477,0.5356808078599588,-0.8204621939591409,0.054078979495105144,West
440,4161,-1.0203028812177273,-0.04332436755123593,1.0476008270976973,0.47672230402979454,East
441,6184,-0.46274611917402936,-0.3605578841459259,-0.6068861413959454,0.6817956381482183,East
442,9321,0.15056631907403834,-0.9625838854833301,1.537021699592651,1.6180835792326478,East
443,6229,0.7638787573221061,-0.5901584487169451,-1.442567916547851,-0.7392984818755479,North
444,4460,-1.5221039670570553,-1.1220687599064103,1.0388715606441605,-1.6445049957576539,East
445,9075,-1.4105926146483159,-1.1095864911415907,-0.604558337008336,1.3248927968602133,North
446,7903,-0.016700709539071035,-1.467450308583536,1.6673787452987985,-1.2423690046348068,South
447,3916,0.20632199527840814,-1.2721918657405813,1.113943252144575,-1.314144671576255,North
448,7921,0.15056631907403834,1.1398775686187634,-0.3502457076619687,0.7692722322331087,North
449,3264,0.9311457859352155,-1.6067600945486198,1.337412473355113,-0.1256806149430759,South
450,1699,0.8753901097308456,0.3283990169893338,0.13684736044537546,1.2998994842645304,South
451,8967,0.7081230811177363,-1.2644398045270129,-0.1931189114983084,0.5148531270924389,South
452,9094,1.600213900387653,-0.32947109736642716,-0.09826088270321062,-0.10933883363051426,West
453,6932,1.321435519365804,-1.2863267316692601,-1.1539201724842412,0.5404872938572418,South
454,5440,1.7117252527963924,-0.927721993130655,-0.5079544549225309,-0.5223693456284026,South
455,1250,1.321435519365804,0.8984072550752064,-0.5644037113220677,-0.7171890130409053,South
456,6014,-0.4069904429696596,-0.24040803895683777,0.48310826310232774,0.8612348055018395,South
457,2338,-1.5221039670570553,1.3288867012133723,-1.6287922675566335,1.152823452451474,South
458,9504,0.15056631907403834,1.355923351650819,-0.5504368849964086,0.8887915347740027,West
459,5049,-1.5778596432614251,-1.1372002772957912,1.5172353622979677,0.35175574105137974,North
460,2494,0.3178333476871477,-0.6058802368208142,-1.60435032148673,-0.5451196686321651,North
461,5488,-0.9645472050133574,0.5095459152261171,-0.5917554128764825,-1.5140911723417185,East
462,6336,-0.3512347667652898,0.34855775371545783,-0.21930671085891926,1.5290048497249573,West
463,1760,-1.076058557422097,-0.4923163867199437,0.14848638238342363,-1.6445049957576539,West
464,9521,-0.1839677381521804,0.45801678299391474,-1.1364616395771672,-1.0840780248621482,North
465,5197,-1.4663482908526857,0.2922726800588937,1.3321749134829908,-1.3916880260397841,South
466,9046,-1.131814233626467,-1.4167725386534293,1.2739798037927466,-0.2073895215058858,West
467,5181,-0.9087915288089877,1.1556518967135678,0.28408098796169334,-0.637082241900896,West
468,8746,0.5408560525046269,0.752924824358754,1.1907607969356986,-0.4900062100878387,South
469,8654,-0.016700709539071035,-0.7726437764166882,1.0045364459269162,-0.5585776061836867,West
470,8476,-1.633615319465795,-0.345807549752004,-0.6499505225667266,-0.4486711161795941,South
471,3249,0.15056631907403834,0.3446679179579941,0.33296488010149866,-1.799591704684712,East
472,9167,0.6523674049133664,-0.6104654232746366,1.1162710565321858,-1.7073087043314212,East
473,2416,1.321435519365804,-1.006733025417363,1.4980309761001862,-0.7508338569197093,North
474,4043,0.4851003763002571,1.1589423476764833,1.0132657123804532,0.9179503994689661,West
475,3346,0.15056631907403834,0.850093248614834,1.137803247117575,-0.49289005384887913,East
476,9864,1.4329468717745435,-0.6334556902265265,1.1791217749976488,-1.252622671340728,West
477,9389,0.9869014621395852,-0.6828909965954836,0.8258774591778669,-0.8943851908026061,South
478,6120,-0.9645472050133574,1.183194110533178,1.592307053798382,0.30657552212841455,South
479,8955,-1.633615319465795,-0.9237498625914711,1.4299426977626013,0.9977367435244152,South
480,5732,-1.2990812622395762,-0.6696975615247891,-1.1667230966160949,-1.8027959755303122,East
481,3108,-0.016700709539071035,0.018108552972279906,-1.7620590687472923,0.7183243257880626,North
482,2715,1.600213900387653,0.772250426942903,-0.17682428078503995,1.6296189542768096,South
483,3446,1.5444582241832832,0.20781491269149485,-1.5700152067694875,-1.7755596733427093,East
484,5672,1.042657138343955,0.6940870041017948,-0.261207189835895,1.1701265150177158,West
486,3810,-0.4069904429696596,-1.591797723762709,-0.2711003584832358,-1.0952929728217495,South
487,4989,1.321435519365804,-0.3447548735050496,0.975438891081794,-0.12215591701291549,South
488,7541,-0.12821206194781062,1.4379985912660065,-0.33569693023940766,-0.29774995935181614,East
489,9960,-0.46274611917402936,-1.5914602347393028,0.4150199847647428,0.6926901590232597,North
490,4668,0.8196344335264758,0.36677867618407317,1.5003587804877974,-1.2192982545464839,South
491,7386,-1.131814233626467,0.07418132217567679,1.5021046337785047,1.345720557356616,West
492,4864,0.8196344335264758,0.6477968595371462,0.5488687370523051,-0.40060705349558845,West
493,3068,1.2099241669570644,-0.7071323050662268,-0.33395107694870024,0.3091389388048948,North
494,6989,-0.6300131477871388,-0.3301632313286467,-0.50562665053492,0.15212966737047623,North
495,1507,-0.12821206194781062,-0.3357887632152247,-0.7500461112339466,-1.1103530457960713,North
497,7834,-0.6300131477871388,-0.90518072865232,1.4764987855147973,0.39693595997434494,East
498,1912,1.321435519365804,1.425725410220215,-0.5469451784149938,-0.5268553248122432,West
499,8989,0.4293447000958873,-0.9953256819772923,-0.48234860665882195,-1.5474155891359624,South
500,5055,0.7638787573221061,-1.1546617824464482,-0.8524695042887758,0.9788315455353733,East
501,2364,1.5444582241832832,1.0327270822073231,0.9637998691437459,0.40014023081994554,West
502,4560,-1.0203028812177273,-0.2779701115579402,-0.01678772913686842,0.9487113995867299,East
503,9592,1.0984128145483247,0.8594064981304813,-1.4763210801681934,-0.18207578182564266,East
504,5035,-0.3512347667652898,0.51506851162025,0.4062907183112058,1.3726364324596592,North
505,8667,1.6559695765920228,-0.6277333882546032,-1.3081372131633886,-1.1737976085389588,East
507,3418,0.8753901097308456,0.2365995900722547,-0.7535378178153613,-0.029552489575064626,North
508,5397,1.1541684907526946,-0.6405542182875419,-1.774280041782244,0.29600142833793336,West
509,8079,0.03905496666529876,-0.22275138526842106,0.18689515477898624,-0.4066951681022291,East
510,7006,-1.6893709956701648,0.474233412032818,-0.39272813773584636,-0.9607135973065337,North
511,2107,-0.574257471582769,-1.1965077407370295,-1.4582805961642176,-0.508911408076881,North
512,1843,-1.5221039670570553,-1.445290763223017,1.102304230206527,0.7737582114169492,West
513,1790,0.15056631907403834,1.6041179798505654,-1.39193817111734,-0.6745722107944204,East
514,1297,0.9311457859352155,1.6107189863647644,1.2990037009595519,1.1739716400324363,East
515,8158,0.03905496666529876,0.6684276519981536,0.7449862567084266,-1.464424974234913,South
516,8408,-1.076058557422097,-1.629951675445369,-0.7145470943228968,-0.3663213554476642,North
517,2308,-1.0203028812177273,0.5859862408134879,-1.4763210801681934,-1.5887506830442073,West
518,7529,-0.1839677381521804,-0.5565232043159036,-0.9449997286962643,1.2268421089848427,West
519,5962,1.3771911955701737,0.4503424595220365,-0.5126100636977495,-0.8931034824643658,East
520,8418,-0.3512347667652898,-0.838576908000524,-0.024935044493503467,-0.7155868776181052,East
521,2091,-1.1875699098308368,1.1593645440322138,0.14674052909271623,0.03869847943622322,North
522,2808,1.321435519365804,-1.0213857855424047,-0.8425763356414351,-0.7162277317872252,West
523,2907,0.8753901097308456,1.307182055672329,0.05421030468522943,-0.22693557366404807,East
524,1888,0.4851003763002571,0.5253416882151808,-0.39272813773584636,-0.8959873262254062,West
525,9461,-1.2990812622395762,-0.6621151830370475,1.1767939706100394,-0.029872916659624826,West
526,5387,-0.4069904429696596,1.3726476885613115,1.1884329925480877,-0.7117417526033847,West
527,9193,1.7117252527963924,-0.83277391961395,0.12346248521661989,-1.107148774950471,West
528,7100,-0.1839677381521804,-1.325894169944788,-1.2621630765080945,1.3928233387869415,East
529,1811,-0.9087915288089877,-0.6886401046852307,-0.21697890647130996,0.7660679613875084,North
531,4550,-0.9087915288089877,-0.49067826485970933,-1.5327703365677303,-0.297429532267256,East
532,1206,-1.2990812622395762,0.42721440912453035,1.2710700483082353,0.4257743975847485,East
533,7136,-1.5221039670570553,-1.6021127179014454,1.571356814309895,0.06753691704662677,North
534,2550,0.20632199527840814,1.0304533872934778,0.11473321876308293,1.6039847875120063,North
535,3239,1.321435519365804,-0.8824263555372828,0.10076639243742379,1.5081770892285549,North
536,7753,1.5444582241832832,1.0667362719520113,-1.7457644380340238,-0.988270326578697,East
537,6407,1.600213900387653,-0.1454548722777461,-0.7756519594976539,0.44371831432011066,South
538,8021,0.6523674049133664,-0.33950167859504915,0.4039629139235965,1.2165884422789208,South
539,9554,1.6559695765920228,0.4216687594690687,0.954488651593307,0.34342463685281904,East
540,1542,-0.46274611917402936,1.4859118462649077,-0.32405790830135783,-0.03852444794274571,West
541,5316,-1.5221039670570553,1.2676446402487642,0.6233584774558177,-1.5650390787867647,North
542,4486,0.5408560525046269,1.5374819918573808,-1.001448985095801,0.04414573987374391,West
543,3507,1.4887025479789133,-0.6521443794511734,-1.4233635303500716,1.1400063690690723,South
544,1902,-1.131814233626467,1.7109601959070284,-1.137043590674069,-1.4942246930989964,North
545,7549,1.321435519365804,-0.696642535039277,0.18922295916659557,-1.3022888694475339,East
546,3781,-1.4105926146483159,0.5236494179969415,-0.9129924183666294,-0.9648791494058145,South
547,4939,0.9869014621395852,0.8265454144122019,0.8351886767283058,1.047402941631221,East
548,5036,-0.5185017953783991,-1.3959305139839675,0.816566241627428,-1.7332632981807843,West
549,7457,0.5966117287089967,-0.6609684173165298,0.06119371784805734,1.534131683077918,North
550,8944,-0.5185017953783991,1.7378743423860183,-0.2518959722854561,0.8554671179797587,East
551,7718,-0.2397234143565502,0.6548034426140249,1.2460461511414298,-1.6781498396364578,North
552,5229,0.6523674049133664,-0.14460726283214634,-1.1498465148059245,0.9913282018332149,East
554,8919,0.20632199527840814,0.17828395299051011,-0.9723514302506789,0.18385194874192023,West
555,6019,-1.0203028812177273,0.5643386923034104,-0.41251447503052957,0.6644925755819765,North
556,2006,0.3178333476871477,0.6663574155185938,-0.933942657855118,-1.3929697343780243,South
557,2333,-1.6893709956701648,1.2028676565266847,0.7950340510420374,1.3409141510882152,North
558,4230,-0.5185017953783991,0.8654952397330608,1.557971939081138,-1.1481634417741557,North
559,1077,-0.6857688239915085,1.5823039653487998,-0.11106380683506427,1.1246258690101898,East
561,7946,0.7081230811177363,1.112347149490996,-1.5804903265137302,-1.2821019631202513,East
562,9449,0.5408560525046269,0.5609042924877793,1.054584240260527,-1.5554262662499634,West
563,5276,-0.016700709539071035,-1.5074814926974218,0.6512921301071343,-1.278577265190091,North
564,2933,1.042657138343955,-0.038719612631401966,-0.04995894166030886,-0.8540113781480413,West
565,6710,1.2099241669570644,-0.12763764994356255,-1.2802035605120703,1.030420306149539,North
566,4306,-1.5221039670570553,0.28410378371315936,-0.6237627232061157,-1.3163876611681753,South
567,6142,0.20632199527840814,0.20959215830323666,0.3812668211444004,1.594051547890645,West
569,6948,-0.9645472050133574,-0.8648964947861741,1.0557481424543307,0.9144257015388056,East
570,4751,-1.2433255860352064,1.4629867181793306,0.732183332576573,-0.45059367868695394,East
572,9068,-0.07245638574344082,0.8807495291420768,0.9620540158530385,0.5318357625741209,North
573,9239,0.4851003763002571,-1.1954178039862993,1.2093832320365763,-0.8963077533099665,South
574,8594,-1.076058557422097,-0.3945496499140286,0.21250100304269356,-0.8969486074790864,South
575,7086,-0.2397234143565502,-0.8843778409148816,-1.284277218190387,1.3143187030697325,West
576,2272,0.09481064286966855,-0.9897060474366356,-0.21523305318060257,-1.1811674314838396,West
577,8974,-0.8530358526046179,0.4466571544435709,1.2122929875210875,0.983317524719214,North
578,8698,-1.5778596432614251,0.7106065422721107,0.47321509445498694,0.9618489100536913,North
579,7795,0.7638787573221061,-0.21906634825113394,-0.27342816287084676,-0.5797257937646491,West
581,7319,-1.5778596432614251,0.9480886416057892,-1.125404568736021,0.27517366784153074,South
582,8672,0.8196344335264758,0.5201501473761759,-0.3054354732004801,-0.011928999924262653,East
583,8005,0.7081230811177363,-1.334251513298826,-1.4641001071332418,1.4312745889341465,West
585,2699,1.6559695765920228,-1.1512126392660138,-1.6282103164597317,1.216268015194361,East
586,8639,-0.1839677381521804,0.6035697138002448,-0.15761989458726028,0.02652225022294194,South
587,7650,-0.2397234143565502,0.6279402277589006,-0.9036812008161904,-1.6759068500445373,West
588,1473,-0.9645472050133574,-0.9384288927119806,-1.306391359872681,-0.5989514188382516,North
589,2799,0.26207767148277794,-0.265551373292364,1.1238364207919174,0.9102601494395254,North
590,7367,0.03905496666529876,0.9244394802777818,0.009982021320642718,-0.9674425660822947,South
591,4434,-0.7972801764002481,1.4985107216422622,-0.864108526226824,-0.8722757219679637,South
592,5551,0.9311457859352155,0.7592285510262832,0.22704978046525462,1.3075897342939715,South
593,8840,-1.5221039670570553,0.7217275963738198,-0.16693111213769915,-0.22821728200228797,South
594,7189,-0.29547909056092,-0.9940341632205243,1.357780761746698,-0.2631438342193322,North
595,2888,0.7081230811177363,1.5623224170614936,1.2966758965719427,-0.5550529082535263,West
597,8175,0.03905496666529876,-0.9265326056827972,0.6885370003088898,-0.6623959815811387,North
598,2366,-1.4105926146483159,-0.6606110917659339,1.0685510665861844,-1.4439176408230705,East
599,8713,-1.1875699098308368,-1.3945365958571112,0.6966843156655248,0.2652404282201695,West
600,7248,1.6559695765920228,-0.1470318761893414,-1.325013794973559,0.27549409492609095,North
601,5614,-0.9087915288089877,-0.07575548113961646,-0.4730373891083831,-0.6069620959522526,North
602,9151,1.321435519365804,0.1267580374924469,-1.4937796130752674,1.2492720049040449,East
603,7308,-0.3512347667652898,0.15193568365878804,0.6000804335797197,-0.06736288555314927,North
605,1688,-1.076058557422097,0.7299809319907,-0.8629446240330202,-0.6082438042904924,South
606,1260,0.6523674049133664,0.97658354485287,-0.390982284445139,0.7436380654683057,North
607,5752,-0.3512347667652898,1.166549387792623,-0.8833129124246053,0.14508027151015546,West
608,4061,1.4329468717745435,-0.00856594681336253,-0.05927015921074774,0.2652404282201695,West
610,5622,1.3771911955701737,0.9788164944676225,0.03500591848744812,-0.19649500063084444,East
611,3550,1.2099241669570644,-0.2594696012804191,-0.9688597236692642,-0.5867751896249699,North
612,8770,1.0984128145483247,1.4792786724093192,1.3845505122042108,-0.4983373142863998,North
613,8109,1.5444582241832832,0.9882251737627241,0.4394619308346446,-0.9305934513578903,East
614,1213,1.3771911955701737,1.4925739707277457,-1.2970801423222407,1.3418754323418953,West
615,2970,-1.4105926146483159,0.9390667745908904,0.3178341515820357,1.156348150381634,East
616,1526,-0.29547909056092,1.5865390639038386,-0.4654720248486516,1.6094320479495274,West
617,8764,1.600213900387653,-1.3935844425519972,-0.22861792840935813,1.29349094257333,South
618,8120,-0.574257471582769,-0.9910479616949129,0.626268232940329,-1.541007047444762,West
619,5530,-0.46274611917402936,-1.5411513169904565,0.6413989614597919,-1.2683235984841696,South
620,3028,1.0984128145483247,-0.3423742221810861,0.026858603130814725,0.8407274720899971,South
621,1855,-0.9087915288089877,-0.00910984294401454,-0.8926241299750441,-0.7671756382322713,South
622,7184,-1.5221039670570553,-1.3880937454380748,-0.4363744700035295,0.7817688885309502,South
623,4549,0.26207767148277794,0.7623863117059688,0.5651633677655735,0.15469308404695695,East
624,4588,0.7638787573221061,-1.5394888015630022,1.1849412859666728,0.2082044071684828,East
625,1859,0.5408560525046269,0.5096563564315525,0.9504149939149886,1.060860879182743,South
626,9205,0.03905496666529876,-1.1737898239422333,0.32132585816344883,-1.2596720672010489,East
627,1594,1.4329468717745435,1.1624863845140154,0.3911599897917428,-1.1302195250387936,South
628,5847,-0.9645472050133574,-1.5188188721699716,1.4276148933749921,-0.5797257937646491,South
629,3596,-0.07245638574344082,-0.30671109496664695,0.8154023394336225,1.0006205872854557,North
630,3026,-0.9087915288089877,-0.04188032198404862,-0.30718132649118746,-0.2653868238112522,North
631,5414,0.26207767148277794,-1.5569819379326917,0.7374208924486951,1.2665750674702867,South
632,5221,-1.4663482908526857,1.0759020878196262,0.3248175647448636,0.813170742817834,West
633,8457,-1.1875699098308368,-0.35001450188332756,-1.5094922926916323,0.4011015120736257,North
634,1697,0.5966117287089967,-1.6669422416144601,0.519771182207183,-1.4400725158083498,North
635,7581,-1.5221039670570553,-1.3522775552908597,1.236734933590991,1.3835309533347007,West
636,4479,0.7638787573221061,1.0294878309294517,1.6441007014227003,1.4745322453497514,West
637,7850,0.15056631907403834,-0.933638371395625,-1.5298605810832173,0.7542121592587869,South
638,4014,1.0984128145483247,-0.9822292850531211,-0.0004930984236016331,0.2572297511061686,East
639,4192,0.5408560525046269,0.1634974303375259,0.3707917014001577,-1.7902993192324708,South
640,3170,-1.131814233626467,-0.3446787441304287,0.39406974527625405,0.04799086488846405,West
641,3534,0.3735890238915175,0.644229233315929,0.9835862064384291,-0.23815052162364922,South
642,8855,0.26207767148277794,-1.320508284751558,-0.933942657855118,0.12937934436671378,South
643,1248,0.3178333476871477,-0.22202225886360402,0.30153952086876723,-0.3868286888595066,North
644,8872,-1.6893709956701648,0.2009069761282092,-0.6895231971560914,-0.5954267209080912,East
645,7489,1.6559695765920228,-0.509389739284507,-1.7050278612508536,1.0615017333518626,South
646,3214,1.2099241669570644,0.7256158237642141,0.18631320368208268,-0.5095522622460009,East
647,5435,-0.12821206194781062,0.3815019363989923,-1.0398577574913621,-0.49385133510255924,North
648,2422,1.2656798431614342,-0.7726772840639684,-0.7325875783268726,0.5641988981146849,North
649,1570,0.8196344335264758,-1.7016486584837551,-0.7366612360051893,-1.2712074422452102,West
650,9794,-1.076058557422097,1.3105448831533693,0.01172787461135011,-0.38106100133742576,East
651,7263,-0.6857688239915085,1.6910285069988746,0.5541062969244256,0.06721648996206657,North
652,7612,1.6559695765920228,-1.6553842477922178,-0.5574202981592381,-0.9501395035160525,South
653,5650,1.0984128145483247,-0.791198971174571,0.8666140359610371,-1.7707532670743085,North
654,3921,-1.2990812622395762,0.935132440677839,-0.6703188109583118,0.5241455125446802,East
655,2407,0.09481064286966855,-1.3770659766263942,1.1866871392573801,0.5802202523426868,North
656,7411,-0.8530358526046179,1.6930424506310038,1.4561304971232105,-0.17118126095060127,North
657,4757,-0.8530358526046179,1.6533978107361424,-0.6097958968804582,-1.6098988706251698,East
658,7176,-1.6893709956701648,-0.6543095095878306,-1.248778201279339,1.4969621412689536,East
659,9488,1.0984128145483247,-1.0346730420254837,0.1537239422555458,1.702996756641058,North
660,6481,-0.12821206194781062,1.3677756766467706,0.2095912475581807,0.10662902136295131,South
661,4886,0.7638787573221061,-1.266598233134214,0.06235762004186282,0.31586790758065586,South
663,8697,-0.7972801764002481,-0.41118606275805786,-0.558584200353042,1.0820090667637055,East
664,2597,-0.016700709539071035,1.5193806246742607,0.6716604184987195,0.5507409605631632,West
665,3712,0.8196344335264758,-0.6546102742298178,0.07865225075513126,0.02331797937734129,South
666,8788,1.321435519365804,-0.2639290670416462,-1.606678125874341,-0.26506639672669247,East
667,3735,0.9311457859352155,-1.4876902678466672,-1.618899098909291,-1.447442338753231,East
668,2567,1.6559695765920228,1.6602856427110604,-1.1405352972554839,-1.4211673178193078,West
669,6498,1.6559695765920228,-1.455675453268096,1.545750966046188,0.738190805030785,West
670,6941,-1.2433255860352064,-0.839074161486162,1.634207532775358,-0.9245053367512496,East
671,8059,0.5408560525046269,0.8933524254371049,0.5756384875098162,1.5562411519125603,East
672,1484,-0.1839677381521804,-0.12653859911277204,0.02336689654939994,-0.5947858667389708,North
673,8575,0.3735890238915175,-1.465689414703667,1.41073831156482,0.3033712512828144,North
674,1766,0.4851003763002571,0.3770148603364064,0.8084189262707929,-0.39515979305806775,East
676,6095,-0.6300131477871388,-1.0264432957922887,-0.29030474468101714,0.5507409605631632,South
677,9065,-1.354836938443946,-1.6400095989141714,-1.4000854864739736,1.6161610167252876,East
679,1598,1.2099241669570644,-0.9461849748432226,0.4999848449124997,0.5866287940338871,East
680,4721,-0.07245638574344082,0.6361785519497993,0.42665900670279094,-1.4256532970031484,North
681,4404,-0.6300131477871388,1.37172716647523,-0.8664363306144349,0.9682574517448922,North
682,8413,-0.07245638574344082,-0.2767734864582698,0.6803896849522564,0.3902069911985843,North
684,3284,-0.29547909056092,1.4769972037213055,1.586487542829358,1.2829168487828493,North
685,7985,-1.5221039670570553,-0.6499226884059071,-0.8769114503586777,0.0838786983591884,East
686,1299,0.7638787573221061,-1.4110497005591494,-0.4701276336238719,0.942302857895529,South
687,1226,-1.1875699098308368,-1.3741449139670956,0.5605077589903532,-1.133423795884394,South
689,7147,1.600213900387653,0.8944375370866268,-1.7958122323676347,-0.4480302620104737,West
690,8247,0.8753901097308456,0.17128139083130522,0.8060911218831837,-0.6796990441473809,West
691,4504,0.15056631907403834,-1.0210209542788178,0.5768023897036216,0.728577992493984,South
692,4104,0.9869014621395852,1.4022451274345,0.7135608974756952,-0.6960408254599431,West
693,5980,-0.6300131477871388,1.5048927221738375,-0.2396749992505044,-1.4170017657200271,South
694,3548,-0.1839677381521804,-0.8455049491521777,0.8474096497632575,1.1432106399146724,East
695,6202,1.042657138343955,1.2264632056190439,-1.21095137998068,-0.8905400657878856,North
696,6759,-0.2397234143565502,1.2705850033128963,1.624314364128017,-0.7117417526033847,East
697,2783,0.5966117287089967,1.747886963515698,1.1284920295671361,-1.339137984171938,West
698,6243,1.2656798431614342,-1.2320218259363664,-1.6049322725836337,-0.9732102536043752,East
700,1358,0.26207767148277794,-0.966852491685649,-0.36770424056904094,-1.090806993637909,North
701,1009,-0.9087915288089877,0.7986209453524191,0.6419809125566954,-0.008083874909542514,North
702,5748,-1.4663482908526857,0.3688939469415776,1.6819275227213595,-0.7248792630703461,South
703,6460,1.3771911955701737,0.7935958705051022,-1.3314152570394848,0.13034062562039392,East
704,2309,0.15056631907403834,-0.15042579876705817,0.8316969701468909,0.5952803253170085,North
705,4729,0.6523674049133664,0.7930123013200702,0.8799989111897943,1.6001396624972857,East
706,6992,1.7117252527963924,0.08240141820645491,1.65108411458553,-1.1270152541931933,East
707,1095,-1.4663482908526857,-1.5723482769142123,-0.17100476981601587,0.8314350866377559,North
708,4483,0.15056631907403834,0.5695956400699062,1.2344071292033818,-0.4377765953045527,South
710,5938,1.5444582241832832,0.8758107699941537,-0.7552836711060688,0.7577368571889473,East
711,4590,-1.076058557422097,0.7347288315797149,-1.1964026025581187,0.33253011597777765,North
712,8558,-1.0203028812177273,-1.3100879425697727,0.34343999984574297,0.0527972711568648,East
713,1017,1.7117252527963924,-0.6043871360580086,0.0652673755263757,-0.15419862546891924,East
714,6490,-1.354836938443946,1.572037222222147,-1.330833305942583,0.7231307320564633,North
715,1755,-0.6300131477871388,0.35364662712319606,-1.7253961496424386,-1.0225560246266212,West
716,1141,-0.016700709539071035,-0.04473731802174751,0.6704965163049139,1.0659877125357036,West
717,6610,0.03905496666529876,1.6052156903754649,0.7833950291039892,0.13803087564983466,North
718,3973,-1.7451266718745346,-0.3064974502075884,1.4538026927356014,0.5411281480263618,South
719,6794,1.042657138343955,-0.25041744335237887,-1.0846679919528506,1.2172292964480411,South
720,5383,-0.9645472050133574,-0.5018167429380039,-0.8547973086763851,1.6888979649204163,West
721,2412,-0.5185017953783991,0.6953128478698936,-1.7358712693866831,-1.0613277018583855,North
723,3860,0.5966117287089967,1.565642890876372,1.2053095743582596,-0.4589247828855151,West
724,6518,-0.574257471582769,0.6380565885645598,1.3333388156767962,-0.4236778035839111,West
725,4312,-0.3512347667652898,-0.9785512176264684,1.604528026833334,-0.7207137109710657,East
726,7246,0.4851003763002571,0.41440188898811714,-0.4596525138796275,-1.6326491936289325,East
728,6719,-1.0203028812177273,1.5530515212120082,-0.8582890152577999,-0.2448794903994098,South
729,7540,0.3178333476871477,-0.9490848606694401,-1.7608951665534884,0.8878302535203226,South
730,3818,-1.1875699098308368,-0.48603839392552584,-0.2949603534562357,-1.116761587487272,West
732,3704,0.7081230811177363,0.7842826209894549,-1.1707967542944115,1.2406204736209236,South
733,4473,-0.016700709539071035,1.0041844640705153,-0.5655676135158716,-1.210646723263363,North
734,3806,-0.5185017953783991,-1.712587967106616,-1.7638049220379997,1.1521825982823535,South
735,3060,0.9869014621395852,-0.6669981854598962,-1.3023177021943628,0.1719961466131987,East
736,6040,0.09481064286966855,0.7703581830856954,0.4318965665749131,-1.6217546727538912,West
737,9382,-1.2433255860352064,-0.8437695210842417,0.7723379582628414,-0.9379632743027713,West
738,9346,-0.7415245001958783,1.1443005780597497,-1.7381990737742923,-0.20642824025220566,North
739,2832,0.8753901097308456,0.561412268420547,1.6912387402717983,1.022409629035538,North
740,2239,-0.9087915288089877,0.9428807490349117,0.9963891305702828,-1.7105129751770216,South
741,4597,1.600213900387653,0.042510966211146,-0.9938836208360696,-1.311260827815215,East
742,6812,-0.3512347667652898,0.26557271446131836,0.9009491506782814,1.4937578704233534,South
743,5218,1.4887025479789133,-0.6515358805765649,-1.0800123831776305,0.7686313780639887,North
744,2266,1.600213900387653,1.0513463435868053,1.216366645199406,-0.7360942110299477,North
745,3359,0.7638787573221061,-0.359322122114232,-1.6939707904097072,1.5040115371292744,West
746,8996,0.5408560525046269,-0.9365551450760718,-1.7929024768831217,1.5674560998721625,East
748,6830,-1.5221039670570553,1.5418513890627188,0.01871128777417968,0.025240541884701588,East
749,2367,-1.6893709956701648,1.4922305843584183,1.4299426977626013,1.4021157242391833,East
750,2045,0.7081230811177363,-0.3323784889056356,0.44993705057888894,0.5949598982324483,South
751,3931,0.7638787573221061,-1.0130421133084568,0.018129336677277764,-1.1850125564985599,South
752,1508,1.3771911955701737,0.4755042900788611,1.2850368746338927,-1.2458937025649672,South
753,6612,1.4887025479789133,1.665483080895986,-0.880985108036996,0.9390985870499284,West
754,9949,-0.2397234143565502,1.60916476765332,-0.6895231971560914,1.226521681900282,East
755,4509,1.4329468717745435,-0.4201658441679729,-1.5554664293469265,1.5863612978612047,West
756,8725,-0.5185017953783991,1.5266233696491702,1.5096699980382362,-0.2198861778037273,North
757,1637,-1.131814233626467,1.2782762146390034,-0.23851109705669893,-0.3958006472271877,East
758,6715,-0.46274611917402936,-0.9957031121162563,-0.849559748804263,1.083611202186505,South
759,3505,-1.7451266718745346,-0.9541991998891114,-0.4602344649765294,1.130073129447711,South
760,3185,-1.131814233626467,1.078396397083164,1.0208310766401847,-1.4554530158672319,North
761,6156,-1.4105926146483159,-1.2584092322001117,1.4607861058984308,-0.44194214740383303,North
762,8279,-0.29547909056092,1.5064367545605093,-1.629956169750439,0.8711680451232008,West
763,7969,0.8196344335264758,1.5559875952972884,-1.5257869234049006,-0.8062677425485958,South
764,9427,-1.354836938443946,-1.583140688011397,1.6289699729032356,0.7827301697846303,South
765,8519,0.7638787573221061,0.04681602873370606,-0.857707064160898,0.6523163463686952,North
766,5570,0.26207767148277794,-1.1261312270626613,-0.8751655970679703,0.9906873476640945,North
767,1952,-0.5185017953783991,-1.4770962220213812,-0.460816416073433,0.4062283454265862,South
768,8884,0.4293447000958873,-0.8078391368750957,-1.6183171478123892,1.1566685774661936,East
769,4204,-1.1875699098308368,1.494641794656701,-1.7626410198441942,-1.764344725383108,East
770,3467,0.7081230811177363,1.7366803978981302,0.48194436090852394,0.23576113644064647,North
772,8151,0.7081230811177363,-0.8080825364249391,0.4673955834859629,-0.7178298672100253,West
774,1216,0.4851003763002571,-1.2513747707606961,-0.6813758817994581,0.5523430959859634,South
775,3142,1.3771911955701737,0.2418664561023453,-0.8827309613277033,1.3630236199228587,North
776,4384,-0.6300131477871388,-0.619409016425489,1.5271285309453084,1.2079369109958005,South
777,5155,-0.3512347667652898,1.4090209098369122,-0.3741057026349686,1.5568820060816808,East
778,9924,1.0984128145483247,0.9427493990575735,-1.7719522373946348,-0.21347763611252646,East
779,6828,0.3735890238915175,-1.6230512445950738,1.4380900131192365,-1.319591932013776,East
780,7428,1.4887025479789133,1.7191424953116743,-1.7818454060419755,1.4642785786438304,North
781,6006,0.7638787573221061,-0.21731671294075097,-1.7562395577782681,0.839125336667197,South
782,3896,1.4329468717745435,1.1513109139931235,-0.040065773012966426,-1.1747588897926389,South
783,3421,-0.1839677381521804,-1.6048855427291762,-0.3514096098557725,0.4155207308788275,West
784,9946,-0.46274611917402936,-1.1091176521408461,-1.3797171980823884,-0.5653065749594472,South
785,8069,0.9869014621395852,0.7228266472046103,1.102304230206527,-1.5624756621102842,North
786,8602,1.042657138343955,-0.979527228376446,1.3176261360604296,0.9099397223549651,East
787,2721,0.8196344335264758,0.8973454647481914,-1.3995035353770715,0.1258546464365534,North
788,9219,-1.2990812622395762,-0.7890858449064926,0.937612069783135,0.967937024660332,North
789,3977,0.4293447000958873,-1.5667964618516508,-0.642967109403897,-1.3490712237932994,West
791,8051,-0.016700709539071035,-0.007119756756749243,-0.10699014915674758,1.1457740565911532,North
792,2506,0.7081230811177363,-0.724391155966133,0.5930970204168902,-1.1914210981897608,West
793,5343,-1.5778596432614251,0.30151221275052453,0.7438223545146228,-0.9411675451483714,East
794,6510,1.7117252527963924,0.6828766856277317,-0.2978701089407486,-1.3868816197713838,East
795,9313,-0.4069904429696596,0.7868174074909073,-1.106782133635143,-1.211287577432483,South
797,5842,1.321435519365804,0.12671970474395855,1.5829958362479433,-0.2778834801090937,East
798,1118,-0.9645472050133574,1.6831153410171835,-0.5993207771362139,1.6687110585931342,West
799,3882,0.4851003763002571,1.5764417354418345,-0.4404481276818462,1.0163215144288973,West
800,9746,0.5966117287089967,0.6851881771677089,-1.4705015691991694,1.3098327238858916,West
801,6990,-0.7972801764002481,1.1591490228449077,-0.29088669577791904,-0.1814349276565227,West
802,3920,0.8753901097308456,-0.7944087357228358,1.4881378074528455,1.2508741403268455,East
803,3383,0.5966117287089967,0.6591355793155872,-0.9758431368320938,-0.5117952518379214,East
804,6838,-1.4105926146483159,-0.326922103622528,1.6505021634886263,1.0403535457709001,North
805,3679,-0.29547909056092,-1.6723750375138824,1.0685510665861844,0.9400598683036085,South
806,9795,0.6523674049133664,-0.4592451430379229,0.28000733028337665,0.9320491911896076,North
807,7321,-1.354836938443946,-1.474898656482157,0.45168290386959636,1.4479367973312678,East
808,3353,0.3735890238915175,0.32787602963058465,1.6446826525196023,1.2454268798893244,East
809,1277,-0.5185017953783991,0.9932100394333044,0.7182165062509155,-0.5983105646691312,East
810,9383,0.7638787573221061,1.0663440984482442,-1.3512015943341682,-0.20835080275956597,East
811,3332,-0.6857688239915085,-1.3489093665862542,1.2541934664980632,1.6158405896407277,South
812,9558,-1.2990812622395762,-1.2177834883928862,-0.24200280363811372,1.5796323290854437,South
813,1251,-0.6300131477871388,-0.12100420802679644,0.587277509447866,-0.6409273669156166,East
814,8354,-1.633615319465795,0.6988812782746457,-0.1227028287731141,-0.13144830246515676,North
815,8444,-1.131814233626467,0.668616635128814,-0.3560652186309928,-0.3406871886828613,East
816,1756,-0.6857688239915085,-1.2619519287317527,-1.383790855760705,0.28542733454745217,East
817,6993,-0.7972801764002481,-1.552213397632952,-0.6004846793300177,0.19698945920888167,West
818,4684,0.5966117287089967,1.7532436300405,0.16303515980598468,-0.5585776061836867,South
819,2098,1.7117252527963924,-0.08934403838703897,-0.8571251130639961,0.8660412117702398,East
820,6369,1.4887025479789133,0.09491210145616821,1.5346938952050415,0.9041720348328847,South
821,7684,-1.4663482908526857,-0.25633301743381404,1.3222817448356499,-0.3749728867307851,South
822,1914,-0.8530358526046179,0.9120947268974001,0.8683598892517446,-1.3413809737638582,South
823,4814,1.6559695765920228,0.44123722548070454,0.7717560071659394,1.6978699232880974,North
824,5192,-1.1875699098308368,0.42792691573629654,1.3967714852391626,0.8839851285056021,South
826,5986,0.9311457859352155,1.3741217569804616,1.1907607969356986,1.1637179733265144,South
827,6895,1.7117252527963924,-1.3229082364803548,-0.993301669739166,0.14411899025647532,West
828,3481,-0.2397234143565502,0.36023181802787896,1.09357496375299,-0.9565480452072533,South
829,9473,0.9869014621395852,-1.6768690831671027,-1.7632229709410978,-0.533904720672564,East
830,8864,-0.5185017953783991,-0.3355324967288258,1.4200495291152606,-0.10132815651651332,South
831,2324,0.03905496666529876,-1.6690132822775545,-0.2623710920297005,1.0826499209328257,West
832,6567,-0.7972801764002481,1.2820162041978307,-1.368660127241242,-1.0683770977187066,North
833,5758,0.9311457859352155,-0.7077083685382679,-0.7948563456954335,-1.5208201411174793,South
834,7292,-1.354836938443946,0.4832314216028533,1.1680647041565024,-1.0876027227923086,South
835,7317,1.3771911955701737,0.837133562891566,1.6830914249151632,-0.2544923029362113,West
836,6050,0.5408560525046269,-0.9293166890800143,-0.44626763865087193,1.561047558180961,West
837,7662,-1.633615319465795,1.7083591982945503,0.07923420185203317,0.3748264911397024,West
838,8922,0.03905496666529876,1.5710579947380305,0.005908363642326022,-0.6953999712908226,South
839,1953,-1.076058557422097,-1.53563837079874,-1.2394669837289,-0.7431436068902685,East
840,9519,0.9869014621395852,-1.554567778961448,-0.7779797638852631,0.7119157840968622,East
841,6408,0.8753901097308456,0.8410528853786365,-0.8233719494436538,0.32067431384905615,East
842,7491,0.5408560525046269,0.020492957152738748,0.960890113659233,0.6321294400414126,West
843,5560,1.321435519365804,1.373162097962357,-1.2196806464342167,-1.6566812249709353,North
844,3830,-0.1839677381521804,-0.8918578200325349,-1.0741928722086063,-0.4012479076647084,South
845,1287,0.7638787573221061,-0.41768493796334694,-1.004358740580314,0.1848132299956004,South
846,6237,-0.9645472050133574,1.3268561377881922,1.6650509409111873,-1.4990310993673968,East
848,6645,0.03905496666529876,-0.6649788806042022,-0.08603990966826053,-0.5505669290696857,South
849,3133,-1.7451266718745346,-0.12683641508179846,-1.622390805490706,-0.24231607372292954,West
850,6555,1.4329468717745435,0.33491183137589164,-0.36246668069692045,-0.7566015444417901,West
851,7572,-0.6300131477871388,1.5667148675281608,0.38592242991962067,-1.2840245256276117,West
852,2587,-0.4069904429696596,-1.1939281880188108,1.5829958362479433,-1.750245933662466,South
853,9293,-1.5778596432614251,-1.4535877928119507,-0.14307111716469925,0.22903216766488543,North
854,7940,-1.5778596432614251,-1.689375477437964,1.634207532775358,-0.43168848069791205,East
855,9870,-1.076058557422097,0.6269299051781083,0.24858197105064359,1.3835309533347007,South
856,3736,1.3771911955701737,-0.7696457801992344,-1.284277218190387,-0.48712236632679823,East
857,2372,-0.574257471582769,-0.30867651952551406,1.272233950502039,1.1935176921905981,East
858,8268,-0.7415245001958783,-0.604942290758147,-1.7568215088751702,0.3030508241982542,East
859,4797,-0.574257471582769,-0.801535946329923,-1.668946893242902,1.5809140374236836,East
860,3123,1.4887025479789133,-1.150126723432957,0.39290584308245025,-1.1093917645423912,South
861,2635,1.3771911955701737,-0.16108417927512195,-1.2284099128877537,1.270740619569567,East
862,3035,1.042657138343955,0.8418227570825464,1.1954164057109171,-0.9488577951778127,West
863,9084,1.2656798431614342,0.20174842016670955,0.9451774340428665,-1.339137984171938,East
864,9997,-1.6893709956701648,-0.4535646586098054,-1.766132726425609,-1.090486566553349,East
865,1683,0.9311457859352155,0.24205088219297563,0.846245747569452,-0.664318544088499,North
866,6170,0.09481064286966855,-0.011604420268730691,0.0035805592547167174,0.9547995141933706,East
867,7397,1.1541684907526946,-0.10450102158835287,-0.33918863682082245,0.7522895967514266,East
868,8108,-1.2433255860352064,-0.8620810482311028,-1.2150250376589966,-1.1068283478659109,East
869,9703,-1.2990812622395762,1.3646774255486538,0.7845589312977931,-1.4519283179370714,South
870,2290,-0.016700709539071035,0.3724409324520705,-0.24491255912262658,-0.508911408076881,North
871,9211,-1.2433255860352064,1.2914921668486707,-1.2319016194691685,1.146094483675713,North
872,4700,0.9311457859352155,-0.42001036868459274,1.5352758463019434,-0.5710742624815281,East
873,3147,-0.574257471582769,-0.5668282801910449,0.534319959629744,1.20729605682668,South
874,4983,1.4329468717745435,-1.0077487092217203,-1.766132726425609,0.6369358463098133,West
875,2316,0.9311457859352155,-1.551679419765895,-0.45674275839511463,0.10406560468647061,South
876,2552,-1.4663482908526857,1.0482647122817403,0.8491555030539649,-0.7671756382322713,West
877,3535,1.2656798431614342,1.3563707457573033,1.0388715606441605,1.5764280582398436,East
878,8173,1.0984128145483247,0.36281110268491956,-0.8181343895715315,-0.32082070944013885,South
879,7059,1.6559695765920228,-1.5102240266120115,-0.3054354732004801,1.3338647552278944,East
880,4289,-0.07245638574344082,-1.3445667754987405,-0.702326121287945,-1.0763877748327075,East
881,5474,-0.7972801764002481,0.6459962926028975,-0.9589665550219234,1.4472959431621484,North
882,5054,-1.1875699098308368,-0.1319874786828889,1.204727623261356,-0.44034001198103295,West
883,4565,-0.1839677381521804,-0.1362981704901918,-1.474575226877486,0.9362147432888884,East
884,6799,-0.6857688239915085,1.7147044744447066,-0.33336912585179834,-1.4288575678487487,West
885,7183,-1.4105926146483159,1.4688454632909786,-1.0741928722086063,0.7138383466042221,West
886,6569,-1.354836938443946,1.0164131469607183,-0.7459724535556282,0.7071093778284614,North
887,1042,-0.6857688239915085,1.0697358765365348,0.7659364961969153,0.17616169871247905,South
888,1028,-0.3512347667652898,-0.5762943245782902,-1.7335434649990722,-1.3276026091277768,East
889,5264,-0.7415245001958783,-0.9185765499125867,-0.22279841744033405,-0.058390927185468185,South
890,2946,0.20632199527840814,1.632900780803078,1.2425544445600152,-0.8306202009751584,North
891,9314,-0.7415245001958783,1.5994890994246898,1.4305246488595031,-1.2997254527710536,East
892,5386,0.5408560525046269,1.2065494768098326,0.26080294408559535,-1.0590847122664653,North
893,7052,-1.1875699098308368,1.3535086565572183,0.9579803581747218,1.3896190679413412,West
894,6806,0.8753901097308456,-0.020226071944514996,-0.8740016948741665,-0.08306381269659094,South
895,1129,-0.5185017953783991,0.6847244313293508,-0.5911734617795789,-0.032115906251545326,North
896,6100,1.600213900387653,1.2338547245478775,-0.36013887630930946,0.9028903264946443,South
897,8537,-1.131814233626467,-1.0444336856476164,-1.0904875029218748,0.662249585990056,East
898,6644,1.7117252527963924,-0.2574808553990447,0.6803896849522564,1.5177899017653562,North
899,8728,0.8753901097308456,0.6075019032238708,1.4468192795727717,-0.4409808661501529,South
