ID,Age,Income,Height,Weight,Region
3248,60,66047.59,192.82,74.01,East
6847,38,102050.54,196.77,149.34,North
4578,21,121080.1,187.33,99.38,West
6606,40,47251.4,184.95,105.66,North
4671,18,144817.33,184.81,101.86,West
6727,55,38443.11,157.86,86.89,South
1767,46,123917.5,182.33,147.29,East
9993,72,44437.9,155.72,75.06,South
9966,60,105882.21,162.95,143.57,South
8907,22,135122.93,149.52,52.78,West
8768,50,134460.73,156.13,135.74,East
4554,38,143566.78,169.03,65.63,West
3723,37,83636.73,182.26,149.05,South
8453,56,38009.93,156.37,95.58,North
6456,23,55061.03,151.44,117.9,East
5706,59,148382.98,180.82,70.06,South
3843,23,111282.29,175.36,112.44,East
1566,75,51955.5,195.03,143.79,East
4714,44,70684.92,156.98,95.46,West
7879,58,63564.85,194.98,86.08,East
4452,19,130939.66,191.45,121.96,East
1771,44,51393.01,176.7,59.96,East
5538,51,106202.52,158.88,144.11,North
7447,35,147898.05,199.24,44.73,North
3072,69,41984.43,171.67,57.54,North
9431,35,87754.85,179.26,130.37,South
1242,27,136727.52,161.81,144.92,South
3287,45,127068.3,185.41,122.86,West
7476,70,102824.35,165.58,143.45,North
3803,61,135744.54,160.58,111.33,West
5332,44,94243.03,157.33,147.55,East
4178,54,66879.5,191.54,139.66,South
1181,53,105480.59,153.42,53.62,West
4943,52,139333.58,172.88,141.19,East
3767,44,53373.97,159.4,129.11,West
9278,29,129641.92,163.06,142.07,North
6205,36,130738.15,155.63,132.19,North
6950,46,26305.03,147.29,85.91,West
4686,59,40101.97,191.83,124.51,East
2299,51,37215.65,189.21,83.48,East
4369,49,101878.11,185.28,140.91,East
8213,47,63182.72,160.25,129.59,South
1533,64,31154.38,142.37,55.52,South
7123,42,133392.77,167.01,141.18,East
4695,51,46257.51,156.59,123.55,South
9108,65,64450.03,190.32,144.61,South
5871,61,79379.48,161.95,79.06,North
9687,58,80888.51,162.34,140.6,East
8107,29,102575.03,195.44,142.64,West
4620,62,120268.36,195.43,51.51,East
9736,40,57847.29,198.83,92.62,East
2580,74,149036.66,150.91,91.7,North
4125,26,20508.68,170.33,112.32,East
9791,29,93133.14,168.28,107.3,North
7339,61,84819.36,169.12,100.15,West
2606,47,128664.11,184.89,41.45,North
5760,72,56389.12,150.88,72.94,North
2805,57,137496.53,189.47,45.29,South
9478,59,105102.96,168.26,136.58,East
1455,36,22179.04,173.89,100.34,West
8229,56,31315.39,181.76,130.25,East
4372,78,108651.69,141.43,61.88,North
8711,19,112472.49,181.45,104.81,South
2315,43,106386.67,142.17,132.85,East
6223,70,133862.74,165.74,90.44,East
2615,34,132351.79,162.05,67.51,South
1381,38,98092.97,174.68,69.48,East
9340,30,112534.76,193.71,92.72,North
6552,78,125582,177.88,105.68,South
9514,68,55624.7,198.08,133.2,West
9977,21,112081.57,152.32,69.53,West
1726,44,68726.25,175.17,79.81,West
1744,71,109902.3,161.18,52.95,East
4313,41,88073.63,141.8,83.77,East
8083,31,47064.81,193.87,116.12,East
9626,35,74592.74,198.74,149.78,North
2894,23,23447.76,188.89,72.82,North
6962,67,108510.72,163.93,127.88,North
3089,65,109282.51,169.47,142.38,South
4229,49,36403.04,184.53,87.37,North
8204,25,122329.81,183.13,123.18,West
9384,21,75414.64,164.52,105.72,South
6574,46,89724.02,164.3,66.32,North
7965,24,108265.25,159.84,41.54,West
6063,70,31152.46,198.81,127.02,West
2358,29,127368.41,168.91,144.1,South
7812,69,40025.25,170.92,72.16,South
5595,60,78920.73,170.25,105.89,North
2844,55,100005.58,159.99,80.1,West
6045,31,24556.11,173.52,57.67,North
6315,75,42541.53,178.8,134.04,East
4978,57,56806.05,183.5,71.8,West
2404,55,43498.83,195.8,79.39,North
5564,22,109713.51,167.02,116.34,East
8159,63,63971.08,191.02,44.82,East
3056,50,92527.15,147.08,91.73,South
6910,50,59651.57,148.66,101.13,South
5517,51,128824.87,169.06,146.4,West
9158,43,127989.96,168.52,65.03,South
6434,32,100963.06,195.76,94.87,West
1531,55,43510.17,184.74,70.63,South
7528,24,123368.69,190.09,59.89,West
3885,21,60764.67,148.01,56.96,West
6368,28,90206.19,160.87,60.99,South
8455,18,91887.69,172.43,71.16,South
8227,61,81600.86,190.12,146.24,West
5037,71,120965.17,198.34,121.78,North
6482,51,100445.29,154.51,88.77,East
2615,69,32373.22,172.66,68.98,South
3913,51,145818.07,181.23,99.76,West
5852,43,82234.58,152.16,102.65,North
1795,44,91340.76,156.44,124.37,East
2411,19,24516.11,147.65,147.8,West
9108,32,71447.08,197.28,75.81,South
9183,69,50026.17,155.01,120.1,South
8095,68,55272.16,182.67,97.59,East
6980,64,62948.66,199.79,113.27,South
5744,67,81576.77,187.07,42.86,East
9559,44,86490.86,180.8,129.99,East
5575,46,32633.44,142.95,84.76,South
5268,54,58327.62,191.35,84.12,East
5687,78,35375.75,198.71,116.77,North
3520,64,104524.46,159.14,97.9,West
1867,47,29068.36,149.3,46.71,North
4643,66,32643.52,195.27,101.58,North
7860,29,97218.28,152.9,129.84,West
8892,59,116007.77,189.61,121.46,East
7283,24,124088.27,195.18,48.15,East
3246,66,64130.03,197.01,144.98,West
5870,62,82284.94,154.78,65.3,South
4673,22,132162.27,175.31,77.08,North
1878,50,48329.7,191.05,41.28,North
9013,63,108241.88,167.19,141.37,East
3576,31,73538.16,163.16,46.43,North
3297,68,35214.82,148.26,71.34,East
5418,47,96675.72,166.17,126.83,East
5988,40,119233.61,178.88,52.36,South
8809,75,108092.29,142.3,59.61,North
7543,42,95686.81,177.99,85.7,West
8736,20,49686.99,165.74,148.19,West
6967,41,58391.87,172.67,82.34,East
7036,72,62289.54,193.23,90.99,West
3376,34,117330.79,176.09,65.48,West
1794,58,108873.09,151.31,145.12,North
5723,80,131843.24,152.6,115.64,North
4735,78,76162.28,151.7,97.37,East
3413,47,136867.89,166.39,113.52,South
5976,32,54737.21,172.04,122.96,East
1435,71,73871.74,198.29,120.54,North
8709,21,38016.34,176.53,50.34,North
6283,69,39498.17,157.93,143.09,East
6155,80,47485.3,185.94,75.7,West
2671,80,60114.93,189.46,134,North
6545,78,40301.08,192.88,110.33,East
8794,37,136196.57,162.82,122.66,East
4439,35,58026.92,184.1,113.94,East
5927,30,77756.72,188.9,41.84,North
4586,62,45556.02,168.38,146.77,West
4196,43,115428.82,158.7,81.19,West
2350,46,56134.68,182.3,138.91,West
4094,26,134043.76,153.95,47.13,West
4527,42,43306.34,185.58,112.41,North
6978,48,75919.11,194.91,55,East
2736,41,117493.91,147.8,43.88,West
5341,21,42397.88,153.02,88.61,West
4334,73,28891.72,199.66,110.3,East
3565,21,62428.25,179.83,125.22,East
4652,74,33230.84,148.53,49.55,West
4959,80,104264.97,177.76,92.86,East
8908,25,66906.35,175.43,59.01,West
3297,56,117651.5,153.1,130.73,East
6855,24,31921.37,192.2,128.12,South
6193,64,122299.59,157.51,96.2,South
7438,36,45110.66,147.71,122.65,North
9643,51,133455.91,180.95,80.34,North
9259,37,90249.05,144.84,118.42,North
6867,44,87503.46,167.29,121.02,South
9472,60,48885.34,187.24,74.1,East
7827,22,72936.68,171.36,62.05,East
5217,18,98944.75,172.31,107.47,West
3169,28,41441.91,176.86,92.67,South
2270,63,43235.36,192.02,40.35,West
8351,21,59606.86,152.02,74.37,North
8606,25,105367.72,199.71,56.95,North
9367,31,132711.27,187.87,113.83,East
4239,36,40431.09,147.71,135.15,North
8525,33,108608.31,170.74,81.05,East
1574,53,140261.88,180.17,55.19,South
7852,62,137587.44,155.2,100.99,North
7146,68,22255.65,184.96,106,North
9486,53,105878.21,192.91,63.22,West
2030,63,44827.92,179.92,70.36,East
5702,38,131577.81,165.74,80.23,North
4999,30,68332.56,170.78,110.09,East
9842,21,32876.85,181.02,92.29,East
8880,20,74946.01,178.72,64.22,East
7204,22,28663.11,189.91,52.19,South
5405,53,27490.13,158.67,96.14,South
2693,46,60882.42,149.87,75.59,East
5340,69,39400.12,142.59,146.61,South
1936,43,23219.16,176.95,41.05,West
8586,19,89633.49,192.75,63.19,South
4929,74,55231.63,183.58,56.83,North
4780,78,109978.51,166.38,72.46,East
7860,49,109613.2,161.87,133.87,East
3161,42,83192.97,166.56,125.15,East
5892,68,145501.67,195,109.47,North
7881,42,79125.43,150.47,99.2,East
4358,21,101069.93,196.88,48.13,South
7156,20,30734.67,148.79,136.1,South
9625,45,135027.67,178.47,101.67,East
7323,18,84979.03,190.62,123.31,South
8837,37,52888.6,154.65,113.55,East
9275,58,75853.32,161.11,129.13,South
5685,68,117771.78,180.35,124.33,North
8434,42,61713.59,175.66,137.72,East
3008,45,115342.85,182.92,137.59,West
9956,68,76354.17,157,113.35,North
5447,53,38713.39,191.23,92.04,North
7830,61,40507.52,189.42,113.89,East
6412,37,50387.64,178.8,75.72,South
8984,66,104170.22,179.24,116.92,North
4357,56,126858.26,177.83,44.66,South
2927,45,43612.87,155.27,93.65,East
8657,46,54400.56,152.06,87.01,North
3970,28,86884.22,180.29,116.92,West
2754,78,79308.9,150.58,107.82,North
9910,58,125147.02,177.97,121.19,South
7995,57,65735.4,194.94,111.08,South
2444,26,105949.63,195.56,137.44,West
1414,37,70126,187.27,149.68,South
5246,21,93860.39,192.39,80.86,West
1890,59,41251.28,169.96,112.41,West
9316,40,28446.57,176.13,61.48,East
4313,57,42469.2,181.88,96.81,West
9505,61,99652.58,182.35,138.71,East
5331,21,104498.37,177.16,123.21,West
3341,73,43130.51,191.29,105.46,South
1515,29,71391.7,198.49,78.47,West
5499,50,99633.01,148.55,138.64,East
1145,67,35653.46,164.71,40.7,East
1949,80,45852.22,188.99,130.42,South
1599,44,147050.32,148.02,114.84,East
1872,24,139416.97,156.23,64.41,West
7336,71,22313.28,145.94,131.22,South
4689,34,123124.48,169.77,95.66,West
8889,67,141701.01,175.91,64.36,North
1074,62,73028.11,143.72,72.6,West
5112,18,90386.42,167.07,102.52,South
1942,30,112252.77,190.49,141.06,East
4387,76,47329.55,186.4,149.76,North
8194,34,74161,180.82,44.72,West
8541,35,134766.89,161.98,80.23,South
7236,76,139768.9,191.38,139.66,East
7542,56,54270.5,142,95.14,North
1111,73,27930.56,179.64,120.27,East
9544,44,90828.24,163.48,55.96,South
9175,67,50859.32,197.52,72.36,West
5260,32,45719.51,185.07,119.26,South
3323,63,59647.38,153.41,77.49,North
3783,47,93994.83,186.28,129.24,West
9766,66,32920.96,149.24,137.24,South
3982,64,108857.37,183.71,61.14,South
2280,58,22818.02,189.31,51.26,North
3090,59,34981.33,180.54,70.97,North
9616,65,126229.63,149.4,83.24,North
2536,50,102367.27,180.54,87.19,West
6035,64,40689.21,155.15,46.49,North
9220,71,30474.72,161.69,88.68,South
2048,37,124873.13,169.88,66.82,East
5421,34,75166.88,152.24,71.81,East
6098,57,21169.43,169.12,101.69,South
7329,32,100653.37,156.47,149.73,West
8941,72,40921.36,156.33,116.64,North
4012,78,148996.99,169.56,104.41,West
2162,52,56758.77,159.27,92.91,North
9720,39,97035.36,190.8,149.32,East
3480,69,87468.75,150.13,53.36,North
5150,65,58727.05,183.58,61.97,North
6022,18,108193.59,191.39,132.34,East
4992,44,130965.73,150.1,121.85,South
6026,52,74524.89,144.64,98.85,North
2555,58,141781.87,172.47,133.55,East
6327,43,97927.15,149.68,117.38,East
6854,36,103765.28,195.25,113.79,East
2947,47,93482.79,180.21,123.19,West
3589,29,43198.47,157.92,90.44,South
7511,70,57597.79,151.01,79,West
2155,73,33866.86,153.34,88.74,East
7153,58,64108.27,157.57,130.43,North
8791,56,21960.34,193.88,61.67,North
1910,21,95452.67,162.52,59.59,South
6614,67,63887.44,142.08,119.34,South
2418,45,66259.36,147.51,99.1,North
1029,25,48797,149.55,129.06,South
1330,34,89942.23,189.5,70.08,North
9192,22,48997.36,149.72,72.44,West
8533,72,127020.41,145.59,70.32,South
4503,49,104630.38,173.1,93.65,East
2214,65,87294.92,197.16,56.66,East
1316,70,51982.13,153.75,130.3,South
9032,39,95245.65,173.48,82.25,East
3894,28,138976.06,165.43,79.12,North
6494,26,128915.67,199.47,60.07,West
7826,24,48568.3,154.85,41.26,East
2250,30,113420.26,182.06,58.2,West
9711,50,81741.87,189.46,97.64,North
9388,48,110410.81,177.41,101.06,South
1430,52,91468.61,188.3,45.78,South
5655,57,42647.52,144.76,107.71,North
1187,22,134460.45,183.01,129.91,East
6986,47,40078.87,164.6,48.76,South
3376,19,95312.15,152.83,146.89,South
6423,48,64316.71,141.11,64.36,South
7266,23,115484.93,153.26,123.16,East
4505,35,113127.33,181.35,126.71,South
8842,49,48086.81,199.6,54.16,North
8543,33,94317.65,153.84,41.03,West
5273,36,90794.64,196.26,149.54,West
8638,53,37159.94,167.7,78.07,South
1510,42,85586.87,194.21,102.76,West
6005,47,32482.16,161.41,95.84,West
5615,71,81764.98,180.35,71.72,South
6258,39,127226.21,149.14,143.19,South
3678,47,134238.95,160.27,104.4,West
7594,38,70430.8,162.4,83.06,South
1161,79,102430.64,177.2,112.23,West
6024,59,102956.37,185.4,89.87,West
1980,53,137161.94,160.03,79.51,West
5679,37,26282.69,145.43,149.44,South
7558,33,72232.09,196.36,100.63,West
4829,45,26060.73,195.08,61.13,East
7420,42,107458.52,160.2,107.36,South
8384,67,141446.67,162.2,85.18,North
3341,24,78061.3,167.96,96.98,South
4961,79,40367.94,153.82,148.61,West
3695,35,63092.96,146.93,70.59,South
8207,35,92055.98,154.93,66.44,North
4746,44,130619.45,199.78,77.13,South
6447,66,70873.98,190.48,134.54,East
2448,68,51056.51,194.08,63.87,East
9227,79,39647.64,153.8,141.79,East
2465,75,148690.21,151,57.86,North
7276,62,105534.81,168.53,53.93,North
7089,48,102719.64,167.58,64.8,West
4868,73,140033.33,159.35,40.96,South
4829,31,141839.75,154.31,68.22,North
4186,80,98941.33,160.18,126.89,East
5288,77,40299.04,149.86,93.08,West
8218,52,103481.58,170.64,92.08,North
7689,68,27476.62,167.26,44.49,South
7238,46,60418.58,197.98,81.71,East
3355,72,139131.32,163.77,89.54,South
8346,34,129356.12,143.66,129.8,North
9723,59,94656.33,143.21,104.82,East
7930,69,133350.78,190.05,40.69,West
3607,44,98521.32,157.89,80.35,West
5268,31,77101.58,171.32,59.06,South
4648,50,135806,186.64,106.06,West
1160,58,109672.94,165.17,87.71,North
4911,64,105944.43,175.65,80.93,North
6109,31,87014.17,162.1,83.89,South
4544,50,120549.32,181.16,72.93,East
9268,55,102021.26,184.63,139.32,East
3875,32,115340.57,143.97,106.69,West
8275,79,146710.94,165.31,116.26,South
5927,29,105734.54,146.83,51.11,West
1030,60,68578.92,158.06,51.48,North
7322,67,92373.16,141.57,105.58,North
6319,69,35626.54,150.86,128.33,North
8331,23,103722.42,197.73,74.23,North
5338,25,21468.63,146.33,63.68,South
2711,50,78229.58,179.78,78.44,South
9985,38,58715.99,173.38,86.8,East
2328,42,68462.4,182.09,137.78,South
3518,70,25440.96,161.09,112.7,North
9433,66,130450.14,162.18,100.51,East
9196,27,113791.39,171.9,47.73,South
2586,79,101330.34,146.49,72.43,East
1552,66,112335.64,157.51,134.85,East
2705,62,97051.9,146.08,88.03,West
6025,37,32452.53,184.33,91.52,East
8737,19,90906.83,174.01,101.88,North
7885,68,107530.68,154.53,131.11,West
4968,25,38854.36,191.56,100.61,West
6024,45,27104.81,180.49,125.76,North
6467,30,52080.73,190.82,60.06,North
9741,48,67059.35,179.81,91.9,East
7402,51,106622.85,147.68,133.17,East
3888,63,69667.83,199.76,83.84,East
1454,44,94442.22,181.8,64.56,North
6425,53,73954.78,151.37,42.16,West
8080,50,140953.48,188.15,141.08,South
7076,71,39600.26,150.93,145.99,West
7180,51,53819.13,199.04,50.12,West
7002,49,89866.88,186.91,119.09,West
2803,74,54316.43,175.99,74.68,East
2730,39,107620.54,154.07,118.83,North
3559,24,75660.63,162.96,132.62,North
6616,58,45364.6,196.26,126.97,East
8360,51,58240.36,146.33,78.54,West
1494,79,146575.66,172.54,63.16,South
3754,38,39366.58,178.81,143.79,North
6884,27,22578.55,176.37,141.34,East
1723,80,132813.64,174.31,64.81,South
4529,22,25337.01,158.77,61.38,East
2428,50,78481.02,196.71,41.91,North
6029,75,130739.6,147.24,129.42,South
9694,59,147383.49,185.91,111.8,West
3907,32,22929.48,155.8,84.01,East
9538,30,136258.28,141.89,59.14,North
2313,48,47049.81,185.47,112.31,East
1000,26,80001.88,183.72,134.08,West
7583,46,36750.02,171.33,76.81,North
5998,72,134169.79,161.32,93.19,North
4995,52,75645.69,168.61,139.3,North
2397,67,74957.73,181.46,122.69,South
9325,24,114450.73,195.4,45.45,North
3058,22,50215.86,161.25,67.4,East
2575,67,119928.35,149.97,75.18,South
5298,45,57213.16,181.71,107.45,West
4196,56,117410.81,164.58,88.28,South
4348,63,53188.97,181.34,88.93,South
4834,65,148540.34,184.53,102.11,North
7755,25,125846.65,198.03,89.41,West
1133,79,31237.5,178.6,83.92,West
5040,27,123610.95,178.06,54.1,West
2022,59,31513.49,154.43,97.35,North
6533,53,53965.15,171.95,140.23,South
8127,68,72318.68,166.7,74.75,West
7128,35,53964.45,162.09,104.03,West
9430,25,144857.39,178.71,94.36,East
1049,56,144677.11,175.75,85.75,West
7784,26,145487.39,169.28,136.41,South
8379,70,81408.97,178.4,118.99,East
4851,20,127871.55,143.49,117.87,West
3760,67,115075.59,168.18,149.61,North
9261,30,68884.99,167.13,46.91,South
6581,22,28895.56,155.29,113.87,East
8435,55,104307.81,156.8,98.26,West
4161,31,82708.07,188.9,111.45,East
6184,41,70873.7,160.47,117.85,East
9321,52,48415.17,197.31,147.07,East
6229,63,62308.47,146.11,73.5,North
4460,22,42465.6,188.75,45.25,East
9075,24,42931.25,160.51,137.92,North
7903,49,29581.17,199.55,57.8,South
3916,53,36865.27,190.04,55.56,North
7921,52,126847.32,164.88,120.58,North
3264,66,24384.23,193.88,92.65,South
1699,65,96575.18,173.25,137.14,South
8967,62,37154.46,167.58,112.64,South
9094,78,72033.39,169.21,93.16,West
6932,73,36337.97,151.07,113.44,South
5440,80,49715.69,162.17,80.27,South
1250,73,117839.29,161.2,74.19,South
6014,42,75355.88,179.2,123.45,South
2338,22,133898.29,142.91,132.55,South
9504,52,134906.89,161.44,124.31,West
5049,21,41901.12,196.97,107.55,North
2494,55,61721.97,143.33,79.56,North
5488,32,103332.85,160.73,49.32,East
6336,43,97327.2,167.13,144.29,West
1760,30,65958.46,173.45,45.25,West
9521,46,101410.56,151.37,62.74,North
5197,23,95227.49,193.79,53.14,South
9046,29,31471.7,192.79,90.1,West
5181,33,127435.78,175.78,76.69,West
8746,59,112412.08,191.36,81.28,South
8654,49,55500.87,188.16,79.14,West
8476,20,71423.96,159.73,82.57,South
3249,52,97182.09,176.62,40.41,East
9167,61,61550.92,190.08,43.29,East
2416,73,46768.19,196.64,73.14,North
4043,58,127558.53,188.31,125.22,West
3346,52,116036.94,190.45,81.19,East
9864,75,60693.27,191.16,57.48,West
9389,67,58849.09,185.09,68.66,South
6120,32,128463.24,198.26,106.14,South
8955,20,49863.87,195.47,127.71,South
5732,26,59341.27,150.85,40.31,East
3108,49,84999.82,140.62,118.99,North
2715,78,113133.02,167.86,147.43,South
3446,77,92076.8,143.92,41.16,East
5672,68,110217.14,166.41,133.09,West
4689,28,56117.57,175.36,126.01,West
3810,42,24942.4,166.24,62.39,South
4989,73,71463.23,187.66,92.76,South
7541,47,137968.7,165.13,87.28,East
9960,41,24954.99,178.03,118.19,North
4668,64,98006.93,196.68,58.52,South
7386,29,87091.61,196.71,138.57,West
4864,64,108490.29,180.33,84.07,West
3068,71,57944.77,165.16,106.22,North
6989,38,72007.57,162.21,101.32,North
1507,47,71797.71,158.01,61.92,North
4868,49,128006.72,199.43,80.77,North
7834,38,50556.59,196.27,108.96,East
1912,73,137510.85,161.5,80.13,West
8989,57,47193.74,162.61,48.28,South
5055,63,41249.72,156.25,127.12,East
2364,77,122850.08,187.46,109.06,West
4560,31,73954.63,170.61,126.18,East
9592,69,116384.37,145.53,90.89,East
5035,43,103538.87,177.88,139.41,North
8667,79,60906.74,148.42,59.94,East
9175,50,105030.78,152.7,55.73,West
3418,65,93150.61,157.95,95.65,North
5397,70,60428.46,140.41,105.81,West
8079,50,76014.56,174.11,83.88,East
7006,19,102015.52,164.15,66.59,North
2107,39,39688.66,145.84,80.69,North
1843,22,30407.83,189.84,120.72,West
1790,52,144165.77,146.98,75.52,East
1297,66,144412.02,193.22,133.21,East
8158,50,109259.92,183.7,50.87,South
8408,30,23519.07,158.62,85.14,North
2308,31,106184.45,145.53,46.99,West
7529,46,63563.23,154.66,134.86,West
5962,74,101124.27,162.09,68.7,East
8418,43,53041.24,170.47,74.24,East
2091,28,127574.28,173.42,97.78,North
2808,73,46221.57,156.42,74.22,West
2907,65,133088.6,171.83,89.49,East
1888,58,103922.11,164.15,68.61,West
9461,26,59624.13,191.12,95.64,West
5387,42,135530.79,191.32,74.36,West
9193,80,53257.72,173.02,62.02,West
7100,46,34861.91,149.21,140.04,East
1811,33,58634.62,167.17,120.48,North
5988,31,100639.07,188.94,55.89,West
4550,33,66019.57,144.56,87.29,East
1206,26,100261.48,192.74,109.86,East
7136,22,24557.6,197.9,98.68,North
2550,53,122765.26,172.87,146.63,North
3239,73,51405.44,172.63,143.64,North
7753,77,124118.79,140.9,65.73,East
6407,78,78898.1,157.57,110.42,South
8021,61,71659.2,177.84,134.54,South
9554,79,100054.6,187.3,107.29,East
1542,41,139756.1,165.33,95.37,West
5316,22,131613.66,181.61,47.73,North
4486,59,141679.92,153.69,97.95,West
3507,76,59996.09,146.44,132.15,South
1902,29,148151.51,151.36,49.94,North
7549,73,58336.09,174.15,55.93,East
3781,24,103858.98,155.21,66.46,South
4939,67,115158.49,185.25,129.26,East
5036,40,32249.21,184.93,42.48,West
7457,60,59666.91,171.95,144.45,North
8944,40,149155.54,166.57,123.27,East
7718,45,108751.67,192.31,44.2,North
5229,61,78929.72,151.14,127.51,East
1890,72,97577.93,157.24,70.54,North
8919,53,90975.15,154.19,102.31,West
6019,31,105376.89,163.81,117.31,North
2006,55,109182.69,154.85,53.1,South
2333,19,129197.16,184.56,138.42,North
4230,40,116611.51,197.67,60.74,North
1077,37,143352,168.99,131.67,East
1507,57,147379.7,177.1,101.29,North
7946,62,125820.3,143.74,56.56,East
9449,59,105248.77,189.02,48.03,West
5276,49,28087.81,182.09,56.67,North
2933,68,82879.85,170.04,69.92,West
6710,71,79562.77,148.9,128.73,North
4306,22,94922.75,160.18,55.49,South
6142,53,92143.1,177.45,146.32,West
3058,28,122773.63,146.75,55.65,South
6948,32,52059.39,189.04,125.11,East
4751,27,138900.88,183.48,82.51,East
5723,50,84405.72,199.93,130.12,South
9068,48,117180.57,187.43,113.17,North
9239,58,39729.32,191.68,68.6,South
8594,30,69605.64,174.55,68.58,South
7086,45,51332.64,148.83,137.59,West
2272,51,47403.38,167.2,59.71,West
8974,34,100986.79,191.73,127.26,North
8698,21,110833.4,179.03,126.59,North
7795,63,76152.03,166.2,78.48,West
6494,78,61859.42,173.63,104.44,West
7319,21,119692.65,151.56,105.16,South
8672,64,103728.44,165.65,96.2,East
8005,62,34550.14,145.74,141.24,West
2315,69,49226.4,159.8,42.23,West
2699,79,41378.39,142.92,134.53,East
8639,46,106840.4,168.19,97.4,South
7650,45,107749.54,155.37,44.27,West
1473,32,49316.27,148.45,77.88,North
2799,54,74417.91,190.21,124.98,North
7367,50,118810.42,171.07,66.38,South
4434,35,140226.1,156.05,69.35,South
5551,66,112647.24,174.8,137.38,South
8840,22,111248.27,168.03,89.45,South
7189,44,47241.92,194.23,88.36,North
2888,62,142606.59,193.18,79.25,West
4094,59,112245.65,175.71,126.07,East
8175,50,49760.06,182.73,75.9,North
2366,24,59680.24,189.26,51.51,East
8713,28,32301.21,182.87,104.85,West
7248,79,78839.27,148.13,105.17,North
5614,33,81498.23,162.77,77.63,North
9151,73,89052.98,145.23,135.56,East
7308,43,89992.23,181.21,94.47,North
5036,80,127229.4,145.27,127.31,West
1688,30,111556.16,156.07,77.59,South
1260,61,120755.65,164.18,119.78,North
5752,43,127842.31,155.72,101.1,West
4061,75,84004.73,169.88,104.85,West
9388,51,23982.99,168.09,67.36,East
5622,74,120838.95,171.5,90.44,East
3550,71,74644.79,154.25,78.26,North
8770,69,139508.65,194.69,81.02,North
8109,77,121189.94,178.45,67.53,East
1213,74,140004.63,148.61,138.45,West
2970,24,119356.09,176.36,132.66,East
1526,44,143509.99,162.9,146.8,West
8764,78,32336.73,166.97,136.94,South
8120,39,47353.32,181.66,48.48,West
5530,41,26831.76,181.92,56.99,South
3028,69,71552.04,171.36,122.81,South
1855,33,83984.44,155.56,72.63,South
7184,22,32541.56,163.4,120.97,South
4549,54,112765.04,180.61,101.4,East
4588,63,26893.78,191.26,103.07,East
1859,59,103336.97,187.23,129.68,South
9205,50,40536.15,176.42,57.26,East
1594,75,127690.74,177.62,61.3,South
5847,32,27664.87,195.43,78.48,South
3596,48,72882.45,184.91,127.8,North
3026,33,82761.94,165.62,88.29,North
5414,54,26241.2,183.57,136.1,South
5221,23,124460.72,176.48,121.95,West
8457,28,71267.02,144.96,109.09,North
1697,60,22139.14,179.83,51.63,North
7581,22,33877.68,192.15,139.75,West
4479,63,122729.24,199.15,142.59,West
7850,52,49494.98,144.61,120.11,South
4014,69,47682.3,170.89,104.6,East
4192,59,90423.54,177.27,40.7,South
3170,29,71466.07,177.67,98.07,West
3534,56,108357.2,187.8,89.14,South
8855,54,35062.83,154.85,100.61,South
1248,55,76041.76,176.08,84.5,North
8872,19,91819.1,159.05,77.99,East
7489,79,65321.54,141.6,129.7,South
3214,71,111393.32,174.1,80.67,East
5435,47,98556.18,153.03,81.16,North
2422,72,55499.62,158.31,114.18,North
1570,64,20844.42,158.24,56.9,West
9794,30,133214.05,171.1,84.68,East
7263,37,147407.96,180.42,98.67,North
7612,79,22570.31,161.32,66.92,South
5650,69,54808.67,185.79,41.31,North
3921,26,119209.32,159.38,112.93,East
2407,51,32952.95,191.29,114.68,North
7411,34,147483.09,195.92,91.23,North
4757,34,146004.15,160.42,46.33,East
7176,19,59915.32,149.44,143.29,East
9488,69,45725.89,173.54,149.72,North
6481,47,135349.04,174.5,99.9,South
4886,63,37073.94,171.97,106.43,South
8842,71,23891.28,175.52,71.06,East
8697,35,68985.02,161.3,130.34,East
2597,49,141004.65,182.44,113.76,West
3712,64,59904.1,172.25,97.3,South
8788,73,74478.43,143.29,88.3,East
3735,66,28826.12,143.08,51.4,East
2567,79,146261.1,151.3,52.22,West
6498,79,30020.43,197.46,119.61,West
6941,27,53022.69,198.98,67.72,East
8059,59,117650.72,180.79,145.14,East
1484,46,79603.77,171.3,78.01,North
8575,56,29646.86,195.14,106.04,North
1766,58,98388.79,184.79,84.24,East
8109,35,36512.25,195.24,133.57,West
6095,38,46032.9,165.91,113.76,South
9065,25,23143.86,146.84,147.01,East
9504,52,34918.21,164.79,113.24,West
1598,71,49026.93,179.49,114.88,East
4721,48,108056.87,178.23,52.08,North
4404,38,135496.45,156.01,126.79,North
8413,48,73999.27,182.59,108.75,North
9449,67,57812.55,192.88,103.24,South
3284,44,139423.54,198.16,136.61,North
7985,22,60078.97,155.83,99.19,East
1299,63,31685.19,162.82,125.98,South
1226,28,33061.92,180.53,61.2,South
6193,45,26443.6,166.61,141.8,West
7147,78,117691.2,140.04,82.59,West
8247,65,90713.92,184.75,75.36,West
4504,52,46235.18,180.81,119.31,South
4104,67,136634.92,183.16,74.85,West
5980,38,140464.18,166.78,52.35,South
3548,46,52782.79,185.46,132.25,East
6202,68,130077.39,150.09,68.78,North
6759,45,131723.35,198.81,74.36,East
2783,60,149529.06,190.29,54.78,West
6243,72,38363.81,143.32,66.2,East
4829,50,50778.11,144.77,79.14,West
1358,54,48255.93,164.58,62.53,North
1009,33,114116.77,181.93,96.32,North
5748,23,98085.84,199.8,73.95,South
6460,74,113929.31,148.02,100.64,East
2309,52,78712.66,185.19,115.15,North
4729,61,113907.54,186.02,146.51,East
6992,80,87398.26,199.27,61.4,East
1095,23,25667.96,167.96,122.52,North
4483,52,105573,192.11,82.91,South
8855,46,60771.24,154.01,132.29,East
5938,77,116996.33,157.92,120.22,East
4590,30,111733.28,150.34,106.95,North
8558,31,35451.56,176.8,98.22,East
1017,80,61777.67,172.02,91.76,East
6490,25,142969,148.03,119.14,North
1755,38,97517.04,141.25,64.66,West
1141,49,82655.36,182.42,129.84,West
6610,50,144206.72,184.36,100.88,North
3973,18,72890.42,195.88,113.46,South
6794,68,74982.48,152.26,134.56,South
5383,32,65604.05,156.21,149.28,West
2412,40,110262.87,141.07,63.45,North
5221,74,106243.11,190.16,50.38,West
3860,60,142730.46,191.61,82.25,West
6518,39,108126.93,193.81,83.35,West
4312,43,47819.51,198.47,74.08,East
7246,58,99783.51,163,45.62,East
2933,66,142480.27,173.83,113.03,South
6719,31,142260.74,156.15,88.93,South
7540,55,48918.75,140.64,124.28,South
3818,28,66192.66,165.83,61.72,West
9389,44,123101.96,157.03,132.16,West
3704,62,113581.88,150.78,135.29,South
4473,49,121785.3,161.18,58.79,North
3806,40,20436.33,140.59,132.53,South
3060,67,59441.97,148.52,101.94,East
6040,51,113062.43,178.32,45.96,West
9382,27,52847.53,184.17,67.3,West
9346,36,127012.32,141.03,90.13,North
2832,65,105267.72,199.96,128.48,North
2239,33,119498.37,188.02,43.19,South
4597,78,85910.15,153.82,55.65,East
6812,43,94231.45,186.38,143.19,South
5218,76,60018.79,152.34,120.56,North
2266,78,123544.67,191.8,73.6,North
3359,63,70919.8,141.79,143.51,West
8996,59,49386.17,140.09,145.49,East
5488,42,141480.59,151.36,119.33,North
6830,22,141842.92,171.22,97.36,East
2367,19,139991.82,195.47,140.33,East
2045,62,71924.93,178.63,115.14,South
3931,63,46532.83,171.21,59.59,South
1508,74,102062.93,192.98,57.69,South
6612,76,146454.99,155.76,125.88,West
9949,45,144354.04,159.05,134.85,East
4509,75,68650.03,144.17,146.08,West
8725,40,141274.84,196.84,89.71,North
1637,29,132010.27,166.8,84.22,East
6715,41,47179.66,156.3,130.39,South
3505,18,48727.96,162.99,131.84,South
3185,29,124553.77,188.44,51.15,North
6156,24,37379.43,196,82.78,North
8279,44,140521.78,142.89,123.76,West
7969,64,142370.27,144.68,71.41,South
9427,25,25265.35,198.89,121,South
8519,63,86070.75,156.16,116.93,North
5570,54,42314.05,155.86,127.49,North
1952,40,29221.33,162.98,109.25,South
8884,57,54187.91,143.09,132.67,East
4204,28,140081.77,140.61,41.51,East
3467,62,149111,179.18,103.93,North
6980,40,147133.27,190.27,84.01,West
8151,62,54178.83,178.93,74.17,West
8711,18,45912.07,162,147.33,North
1216,58,37641.85,159.19,113.81,South
3142,74,93347.09,155.73,139.11,North
4384,38,61217.28,197.14,134.27,South
5155,43,136887.69,164.47,145.16,East
9924,69,119493.47,140.45,89.91,East
6828,56,23776.49,195.61,55.39,East
7428,76,148456.75,140.28,142.27,North
6006,63,76217.3,140.72,122.76,South
3896,75,127273.84,170.21,59.91,South
3421,46,24454.16,164.86,109.54,West
9946,41,42948.74,147.19,78.93,South
8069,67,111289.27,189.84,47.81,North
8602,68,47783.1,193.54,124.97,East
2721,64,117799.68,146.85,100.5,North
9219,26,54887.5,187.01,126.78,North
3977,57,25875.07,159.85,54.47,West
9275,31,81667.13,192.75,79.37,East
8051,49,84058.68,169.06,132.33,North
2506,62,57300.93,181.09,59.39,West
5343,21,95572.17,183.68,67.2,East
6510,80,109798.94,165.78,53.29,East
9313,42,113676.44,151.88,58.77,South
2022,40,77273.09,149.63,63.74,South
5842,73,89051.55,198.1,87.9,East
1118,32,147112.76,160.6,148.65,West
3882,58,143133.31,163.33,128.29,West
9746,60,109885.17,145.63,137.45,West
6990,35,127566.24,165.9,90.91,West
3920,65,54688.93,196.47,135.61,East
3383,60,108913.28,154.13,80.6,East
6838,24,72128.48,199.26,129.04,North
3679,44,21936.47,189.26,125.91,South
9795,61,67192.18,175.71,125.66,North
7321,25,29303.31,178.66,141.76,East
3353,56,96555.67,199.16,135.44,East
1277,40,121375.9,183.24,77.9,East
9383,63,124104.16,147.68,90.07,East
3332,37,34003.33,192.45,147,South
9558,26,38894.97,166.74,145.87,South
1251,38,79810.23,180.99,76.57,East
8354,20,110395.99,168.79,92.47,North
8444,29,109266.97,164.78,85.94,East
1756,37,37247.27,147.12,105.48,East
6993,35,26419.09,160.58,102.72,West
4684,60,149728.89,173.7,79.14,South
2098,80,80991.31,156.17,123.6,East
6369,76,87864.97,197.27,124.79,South
7684,23,74761.8,193.62,84.87,South
1914,34,118349.9,185.82,54.71,South
4814,79,100784.6,184.16,149.56,North
5192,28,100288.06,194.9,124.16,South
2808,78,37416.14,162.04,132.04,North
5986,66,135585.78,191.36,132.89,South
6895,80,34973.3,153.83,101.07,West
3481,45,97762.7,189.69,66.72,South
9473,67,21768.82,140.6,79.91,East
8864,40,71807.27,195.3,93.41,South
2324,50,22061.88,166.39,130.36,West
6567,35,132149.79,147.38,63.23,North
5758,66,57923.28,157.24,49.11,South
7292,25,102351.19,190.97,62.63,South
7317,74,115553.48,199.82,88.63,West
6050,59,49656.2,163.23,145.29,West
7662,20,148054.48,172.26,108.27,West
8922,50,142932.47,171,74.87,South
1953,30,27037.42,149.6,73.38,East
9519,67,26331.26,157.53,118.79,East
6408,65,115699.69,156.75,106.58,East
7491,59,85088.77,187.41,116.3,West
5560,73,135549.98,149.94,44.87,North
3830,46,51053.6,152.44,84.05,South
1287,63,68742.58,153.64,102.34,South
6237,32,133822.54,199.51,49.79,East
7885,34,107183.06,153,75.97,South
6645,50,59517.3,169.42,79.39,South
3133,18,79592.66,143.02,89.01,West
6555,75,96818.14,164.67,72.96,West
7572,38,142770.45,177.53,56.5,West
2587,42,39784.89,198.1,41.95,South
9293,21,30098.31,168.44,103.72,North
7940,21,21302.27,198.98,83.1,East
9870,30,107711.85,175.17,139.75,South
3736,74,55612.71,148.83,81.37,East
2372,39,72809.13,192.76,133.82,East
8268,36,61756.96,140.71,106.03,East
4797,39,54423.05,142.22,145.91,East
3123,76,41418.9,177.65,61.95,South
2635,74,78315.05,149.79,136.23,East
3035,68,115728.41,191.44,66.96,West
9084,72,91850.49,187.14,54.78,East
9997,19,67404.09,140.55,62.54,East
1683,66,93353.97,185.44,75.84,North
6170,51,83891.38,170.96,126.37,East
7397,70,80425.88,165.07,120.05,East
8108,27,52164.42,150.02,62.03,East
9703,26,135233.46,184.38,51.26,South
2290,49,98218.16,166.69,80.69,North
9211,27,132503.29,149.73,132.34,North
4700,66,68655.83,197.28,78.75,East
3147,39,63178.8,180.08,134.25,South
4983,75,46730.3,140.55,116.45,West
2316,66,26439.01,163.05,99.82,South
2552,23,123429.71,185.49,72.63,West
3535,72,134923.58,188.75,145.77,East
8173,69,97858.92,156.84,86.56,South
7059,79,27985.5,165.65,138.2,East
4289,48,34165.33,158.83,62.98,East
5474,35,108423.12,154.42,141.74,North
5054,28,79400.5,191.6,82.83,West
4565,46,79239.69,145.56,125.79,East
6799,37,148291.19,165.17,51.98,West
7183,24,139119.44,152.44,118.85,West
6569,25,122241.49,158.08,118.64,North
1042,37,124230.69,184.06,102.07,South
1028,43,62825.67,141.11,55.14,East
5264,36,50056.86,167.07,94.75,South
2946,53,145239.51,192.25,70.65,North
9314,36,143993.09,195.48,56.01,East
5386,59,129334.51,175.38,63.52,North
7052,28,134816.81,187.36,139.94,West
6806,65,83569.75,155.88,93.98,South
1129,40,109867.87,160.74,95.57,North
6100,78,130353.13,164.71,124.75,South
8537,29,45361.77,152.16,117.24,East
6644,80,74718.98,182.59,143.94,North
8728,65,106987.09,195.76,82.81,South
